Date,Ticker,Close,Volume,Normalized,Daily Ret Pct
2025-08-20,AAPL,225.58,42263900,100.0,-1.7262
2025-08-21,AAPL,224.47,30621200,99.5089,-0.6055
2025-08-22,AAPL,227.33,42477800,100.7743,0.703
2025-08-25,AAPL,226.73,30983100,100.5088,0.3003
2025-08-26,AAPL,228.87,54575100,101.4601,1.0755
2025-08-27,AAPL,230.05,31259500,101.9822,0.8224
2025-08-28,AAPL,232.12,38074700,102.8981,0.7538
2025-08-29,AAPL,231.7,39418400,102.7123,-0.1591
2025-09-02,AAPL,229.28,44075600,101.6415,0.205
2025-09-03,AAPL,238.02,66427800,105.513,0.5312
2025-09-04,AAPL,239.32,47549400,106.0927,0.5578
2025-09-05,AAPL,239.23,54870400,106.0528,-0.1292
2025-09-08,AAPL,237.43,48999500,105.252,-0.5934
2025-09-09,AAPL,233.9,66313900,103.6901,-1.1181
2025-09-10,AAPL,226.36,83440800,100.3451,-2.3257
2025-09-11,AAPL,229.59,50208600,101.7787,1.3884
2025-09-12,AAPL,233.62,55824200,103.5662,2.1159
2025-09-15,AAPL,236.25,42699500,104.7299,-0.1266
2025-09-16,AAPL,237.7,63421100,105.3714,0.409
2025-09-17,AAPL,238.54,46508000,105.7431,0.0084
2025-09-18,AAPL,237.43,44249600,105.252,-0.8709
2025-09-19,AAPL,245.03,163741300,108.6235,1.7701
2025-09-22,AAPL,255.59,105517400,113.3047,3.1333
2025-09-23,AAPL,253.95,60275200,112.5747,-0.5667
2025-09-24,AAPL,251.83,42303700,111.6367,-1.1402
2025-09-25,AAPL,256.38,55202100,113.6543,1.4454
2025-09-26,AAPL,254.97,46076300,113.0304,0.5352
2025-09-29,AAPL,253.95,40127700,112.5747,-0.0511
2025-09-30,AAPL,254.15,37704300,112.6632,-0.0902
2025-10-01,AAPL,254.96,48713900,113.026,0.1608
2025-10-02,AAPL,256.64,42630200,113.7693,0.2144
2025-10-03,AAPL,257.53,49155600,114.1631,1.3154
2025-10-06,AAPL,256.2,44664100,113.5746,-0.5039
2025-10-07,AAPL,255.99,31955800,113.4817,-0.1285
2025-10-08,AAPL,257.57,36496900,114.1808,0.6003
2025-10-09,AAPL,253.56,38322000,112.4021,-1.4623
2025-10-10,AAPL,244.8,61999100,108.5218,-3.793
2025-10-13,AAPL,247.19,38142900,109.5792,-0.6897
2025-10-14,AAPL,247.3,35478000,109.6279,0.4745
2025-10-15,AAPL,248.87,33893600,110.3226,-0.0601
2025-10-16,AAPL,246.98,39777000,109.4863,-0.3223
2025-10-17,AAPL,251.81,49147000,111.6278,1.7216
2025-10-20,AAPL,261.74,90483000,116.0303,2.4815
2025-10-21,AAPL,262.27,46695900,116.2648,0.3398
2025-10-22,AAPL,257.96,45015300,114.3534,-1.5991
2025-10-23,AAPL,259.09,32754900,114.8533,-0.1385
2025-10-24,AAPL,262.32,38253700,116.2869,0.6241
2025-10-27,AAPL,268.3,44888200,118.9372,1.4837
2025-10-28,AAPL,268.49,41534800,119.0213,0.0037
2025-10-29,AAPL,269.19,51086700,119.331,0.156
2025-10-30,AAPL,270.88,69886500,120.0832,-0.2169
2025-10-31,AAPL,269.86,86167100,119.6275,-2.39
2025-11-03,AAPL,268.54,50194600,119.0434,-0.5066
2025-11-04,AAPL,269.53,49274800,119.4814,0.6373
2025-11-05,AAPL,269.63,43683100,119.5257,0.5696
2025-11-06,AAPL,269.26,51204000,119.362,0.7018
2025-11-07,AAPL,267.96,48227400,118.7868,-0.493
2025-11-10,AAPL,269.18,41312400,119.3271,0.1747
2025-11-11,AAPL,274.99,46208300,121.9047,2.0162
2025-11-12,AAPL,273.21,48398000,121.1164,-0.5564
2025-11-13,AAPL,272.69,49602800,120.8861,-0.4232
2025-11-14,AAPL,272.16,47431300,120.6469,0.5018
2025-11-17,AAPL,267.21,45018300,118.4546,-0.5059
2025-11-18,AAPL,267.19,45677300,118.4458,-0.9445
2025-11-19,AAPL,268.31,40424500,118.9418,1.1411
2025-11-20,AAPL,266.0,45823600,117.9187,-1.6911
2025-11-21,AAPL,271.24,59030800,120.2394,2.0831
2025-11-24,AAPL,275.66,65585800,122.2015,1.8531
2025-11-25,AAPL,276.71,46914200,122.6665,0.6176
2025-11-26,AAPL,277.29,33431400,122.9233,0.213
2025-11-28,AAPL,278.59,20135600,123.4991,0.5735
2025-12-01,AAPL,282.84,46587700,125.3814,1.8309
2025-12-02,AAPL,285.92,53669500,126.7499,1.1272
2025-12-03,AAPL,283.88,43538700,125.8464,-0.7163
2025-12-04,AAPL,280.44,43989100,124.3184,-1.1968
2025-12-05,AAPL,278.52,47265800,123.4681,-0.6274
2025-12-08,AAPL,277.63,38211800,123.0739,-0.0863
2025-12-09,AAPL,276.92,32193300,122.7595,-0.3523
2025-12-10,AAPL,278.52,33038300,123.4681,0.3708
2025-12-11,AAPL,277.77,33248000,123.1359,-0.3834
2025-12-12,AAPL,278.02,39532900,123.2467,0.1367
2025-12-15,AAPL,273.85,50409100,121.3998,-2.156
2025-12-16,AAPL,274.35,37648600,121.6213,0.6561
2025-12-17,AAPL,271.59,50138700,120.3945,-1.1527
2025-12-18,AAPL,271.94,51630700,120.5495,-0.519
2025-12-19,AAPL,273.41,144632000,121.205,0.5585
2025-12-22,AAPL,270.72,36571800,120.0091,-0.6927
2025-12-23,AAPL,272.11,29642000,120.6248,0.5612
2025-12-24,AAPL,273.55,17910600,121.2669,0.5398
2025-12-26,AAPL,273.14,21521800,121.0854,-0.2772
2025-12-29,AAPL,273.5,23715200,121.2448,0.3924
2025-12-30,AAPL,272.82,22139600,120.9436,0.099
2025-12-31,AAPL,271.61,27293600,120.4033,-0.4395
2026-01-02,AAPL,270.76,37838100,120.0269,-0.4591
2026-01-05,AAPL,267.01,45647200,118.366,-1.2489
2026-01-06,AAPL,262.11,52352100,116.1959,-1.7378
2026-01-07,AAPL,260.09,48309800,115.2968,-1.0904
2026-01-08,AAPL,258.8,50419300,114.7255,0.7859
2026-01-09,AAPL,259.13,39997000,114.8717,0.1119
2026-01-12,AAPL,260.01,45263800,115.2614,0.4206
2026-01-13,AAPL,260.81,45730800,115.6157,0.9006
2026-01-14,AAPL,259.72,40019400,115.133,0.1811
2026-01-15,AAPL,257.97,39388600,114.3579,-0.9361
2026-01-16,AAPL,255.29,72142800,113.171,-0.919
2026-01-20,AAPL,246.47,80267500,109.2603,-2.3859
2026-01-21,AAPL,247.42,54641700,109.681,-0.4222
2026-01-22,AAPL,248.12,39708300,109.991,-0.3411
2026-01-23,AAPL,247.81,41689000,109.8537,0.2911
2026-01-26,AAPL,255.17,55969200,113.1178,1.5628
2026-01-27,AAPL,258.03,49648300,114.3845,-0.3473
2026-01-28,AAPL,256.2,41288000,113.574,-0.4696
2026-01-29,AAPL,258.04,67253000,114.3889,0.1085
2026-01-30,AAPL,259.24,92443400,114.9204,1.6891
2026-02-02,AAPL,269.76,73913400,119.584,3.838
2026-02-03,AAPL,269.23,64394700,119.3493,0.104
2026-02-04,AAPL,276.23,90545700,122.4539,1.5425
2026-02-05,AAPL,275.65,52977400,122.197,-0.7982
2026-02-06,AAPL,277.86,50453400,123.1758,0.3609
2026-02-09,AAPL,274.62,44623400,121.7395,-1.1838
2026-02-10,AAPL,273.68,34376900,121.3228,-0.4402
2026-02-11,AAPL,275.5,51931300,122.1296,0.2912
2026-02-12,AAPL,261.73,81077200,116.0253,-5.0292
2026-02-13,AAPL,255.78,56290700,113.3877,-2.3778
2026-02-17,AAPL,263.88,58469100,116.9784,2.2593
2026-02-18,AAPL,264.35,34203300,117.1868,0.2845
2026-02-19,AAPL,260.58,30845300,115.5155,-0.7692
2026-02-20,AAPL,264.08,25870893,117.0651,1.9774
2025-08-20,MSFT,503.95,27723000,100.0,-0.8139
2025-08-21,MSFT,503.3,18443300,99.8713,0.1092
2025-08-22,MSFT,506.28,24324200,100.4635,0.591
2025-08-25,MSFT,503.32,21638600,99.8752,-0.4678
2025-08-26,MSFT,501.1,30835700,99.4355,-0.46
2025-08-27,MSFT,505.79,17277900,100.3664,0.9442
2025-08-28,MSFT,508.69,18015600,100.9408,0.5029
2025-08-29,MSFT,505.74,20961600,100.3565,-0.3873
2025-09-02,MSFT,504.18,18128000,100.0456,0.9291
2025-09-03,MSFT,504.41,16345100,100.0911,0.3097
2025-09-04,MSFT,507.02,15509500,100.61,0.7277
2025-09-05,MSFT,494.08,31994800,98.0412,-2.7639
2025-09-08,MSFT,497.27,16771000,98.675,0.0181
2025-09-09,MSFT,497.48,14410500,98.7166,-0.6023
2025-09-10,MSFT,499.44,21611800,99.1048,-0.5189
2025-09-11,MSFT,500.07,18881600,99.2315,-0.2469
2025-09-12,MSFT,508.95,23624900,100.9923,0.6415
2025-09-15,MSFT,514.4,17143800,102.0737,1.2913
2025-09-16,MSFT,508.09,19711900,100.822,-1.5168
2025-09-17,MSFT,509.07,15816600,101.0161,-0.1175
2025-09-18,MSFT,507.5,18913700,100.7051,-0.5943
2025-09-19,MSFT,516.96,52474100,102.5827,1.4435
2025-09-22,MSFT,513.49,20009300,101.8935,-0.2211
2025-09-23,MSFT,508.28,19799600,100.8596,-0.8894
2025-09-24,MSFT,509.2,13533700,101.0418,-0.0451
2025-09-25,MSFT,506.08,15786500,100.4239,-0.2499
2025-09-26,MSFT,510.5,16213100,101.3013,0.2745
2025-09-29,MSFT,513.64,17617800,101.9232,0.6061
2025-09-30,MSFT,516.98,19728200,102.5867,0.9177
2025-10-01,MSFT,518.74,22632300,102.9353,0.9538
2025-10-02,MSFT,514.78,21222900,102.149,-0.3671
2025-10-03,MSFT,516.38,15112300,102.4679,0.0483
2025-10-06,MSFT,527.58,21388600,104.6901,1.9205
2025-10-07,MSFT,523.0,14615200,103.781,-0.8158
2025-10-08,MSFT,523.87,13363400,103.9533,0.3
2025-10-09,MSFT,521.42,18343600,103.4681,0.0115
2025-10-10,MSFT,510.01,24133800,101.2022,-1.6704
2025-10-13,MSFT,513.09,14284200,101.8142,-0.457
2025-10-14,MSFT,512.61,14684300,101.7192,0.6546
2025-10-15,MSFT,512.47,14694700,101.6915,-0.2971
2025-10-16,MSFT,510.65,15559600,101.331,-0.1892
2025-10-17,MSFT,512.62,19867800,101.7212,0.8919
2025-10-20,MSFT,515.82,14665600,102.3569,0.4236
2025-10-21,MSFT,516.69,15586200,102.5293,0.0309
2025-10-22,MSFT,519.57,18962700,103.0997,-0.1171
2025-10-23,MSFT,519.59,14023500,103.1036,-0.3637
2025-10-24,MSFT,522.63,15532400,103.7077,0.1569
2025-10-27,MSFT,530.53,18734700,105.2744,-0.0489
2025-10-28,MSFT,541.06,29986700,107.364,-1.4418
2025-10-29,MSFT,540.54,36023000,107.261,-0.6221
2025-10-30,MSFT,524.78,41023100,104.1336,-0.8898
2025-10-31,MSFT,516.84,34006400,102.559,-2.0931
2025-11-03,MSFT,516.06,22374700,102.4045,-0.5348
2025-11-04,MSFT,513.37,20958700,101.8697,0.5022
2025-11-05,MSFT,506.21,23024300,100.4496,-1.1962
2025-11-06,MSFT,496.17,27406500,98.4571,-1.6928
2025-11-07,MSFT,495.89,24019800,98.4016,-0.0262
2025-11-10,MSFT,505.05,26101500,100.2198,1.1919
2025-11-11,MSFT,507.73,17980000,100.7507,0.7686
2025-11-12,MSFT,510.19,26574900,101.2379,0.3495
2025-11-13,MSFT,502.35,25273100,99.6831,-1.3756
2025-11-14,MSFT,509.23,28505700,101.0477,2.3985
2025-11-17,MSFT,506.54,19092800,100.515,-0.1888
2025-11-18,MSFT,492.87,33815100,97.8015,-0.319
2025-11-19,MSFT,486.21,23245300,96.4804,-0.608
2025-11-20,MSFT,478.43,26802500,94.9366,-2.8983
2025-11-21,MSFT,472.12,31769200,93.6845,-1.3333
2025-11-24,MSFT,474.0,34421000,94.0575,-0.2105
2025-11-25,MSFT,476.99,28019800,94.6509,0.6159
2025-11-26,MSFT,485.5,25709100,96.3395,-0.1666
2025-11-28,MSFT,492.01,14386700,97.6313,0.9044
2025-12-01,MSFT,486.74,23964000,96.5856,-0.348
2025-12-02,MSFT,490.0,19562700,97.2325,0.6739
2025-12-03,MSFT,477.73,34615100,94.7977,0.296
2025-12-04,MSFT,480.84,22318200,95.4148,0.2251
2025-12-05,MSFT,483.16,22608700,95.8752,0.1326
2025-12-08,MSFT,491.02,21965900,97.4349,1.2642
2025-12-09,MSFT,492.02,14696100,97.6333,0.597
2025-12-10,MSFT,478.56,35756200,94.9624,-1.1301
2025-12-11,MSFT,483.47,24669200,95.9367,1.4351
2025-12-12,MSFT,478.53,21248100,94.9565,-0.2689
2025-12-15,MSFT,474.82,23727700,94.2203,-1.0998
2025-12-16,MSFT,476.39,20705600,94.5318,0.9493
2025-12-17,MSFT,476.12,24527200,94.4782,-0.1657
2025-12-18,MSFT,483.98,28573500,96.0379,1.2108
2025-12-19,MSFT,485.92,70836100,96.4229,-0.2955
2025-12-22,MSFT,484.92,16963000,96.2244,-0.2468
2025-12-23,MSFT,486.85,14683600,96.6074,0.3856
2025-12-24,MSFT,488.02,5855900,96.8396,0.4818
2025-12-26,MSFT,487.71,8842200,96.7781,0.2055
2025-12-29,MSFT,487.1,10893400,96.657,0.462
2025-12-30,MSFT,487.48,13944500,96.7324,0.319
2025-12-31,MSFT,483.62,15601600,95.9665,-0.865
2026-01-02,MSFT,472.94,25571600,93.8472,-2.3638
2026-01-05,MSFT,472.85,25250300,93.8293,-0.2552
2026-01-06,MSFT,478.51,23037700,94.9525,0.9941
2026-01-07,MSFT,483.47,25564200,95.9367,0.7733
2026-01-08,MSFT,478.11,18162600,94.8731,-0.6504
2026-01-09,MSFT,479.28,18491000,95.1053,1.1011
2026-01-12,MSFT,477.18,23519900,94.6886,0.107
2026-01-13,MSFT,470.67,28545800,93.3968,-0.8448
2026-01-14,MSFT,459.38,28184300,91.1564,-1.5178
2026-01-15,MSFT,456.66,23225800,90.6167,-1.6073
2026-01-16,MSFT,459.86,34246700,91.2517,0.4434
2026-01-20,MSFT,454.52,26130000,90.1921,0.7313
2026-01-21,MSFT,444.11,37980500,88.1264,-1.8758
2026-01-22,MSFT,451.14,25349400,89.5214,0.7864
2026-01-23,MSFT,465.95,38000200,92.4602,3.1159
2026-01-26,MSFT,470.28,29291200,93.3194,1.0681
2026-01-27,MSFT,480.58,29213900,95.3632,1.4524
2026-01-28,MSFT,481.63,36875400,95.5716,-0.327
2026-01-29,MSFT,433.5,128855300,86.021,-1.475
2026-01-30,MSFT,430.29,58566800,85.384,-2.022
2026-02-02,MSFT,423.37,42219900,84.0108,-1.5968
2026-02-03,MSFT,411.21,61424100,81.5979,-2.5592
2026-02-04,MSFT,414.19,45012400,82.1892,0.7762
2026-02-05,MSFT,393.67,66289200,78.1174,-3.3796
2026-02-06,MSFT,401.14,53515300,79.5997,0.4935
2026-02-09,MSFT,413.6,45480500,82.0722,2.1613
2026-02-10,MSFT,413.27,44857900,82.0067,-1.5133
2026-02-11,MSFT,404.37,42491000,80.2406,-2.8377
2026-02-12,MSFT,401.84,40802400,79.7386,-0.7802
2026-02-13,MSFT,401.32,34091600,79.6354,-0.7739
2026-02-17,MSFT,396.86,32078800,78.7504,-0.5912
2026-02-18,MSFT,399.6,23223400,79.2941,0.3692
2026-02-19,MSFT,398.46,28234000,79.0679,-0.5565
2026-02-20,MSFT,397.54,22243923,78.8855,0.3511
2025-08-20,GOOGL,199.01,28955500,100.0,-0.7024
2025-08-21,GOOGL,199.44,19774600,100.2157,0.0
2025-08-22,GOOGL,205.77,42827000,103.3965,1.6574
2025-08-25,GOOGL,208.17,29928900,104.6006,0.9979
2025-08-26,GOOGL,206.82,28464100,103.9233,-0.1783
2025-08-27,GOOGL,207.16,23022900,104.0939,0.8653
2025-08-28,GOOGL,211.31,32339300,106.181,2.1182
2025-08-29,GOOGL,212.58,39728400,106.8182,1.1401
2025-09-02,GOOGL,211.02,47523000,106.0355,1.3961
2025-09-03,GOOGL,230.3,103336100,115.7235,1.9672
2025-09-04,GOOGL,231.94,51684200,116.5463,1.1539
2025-09-05,GOOGL,234.64,46588900,117.9009,1.2059
2025-09-08,GOOGL,233.89,32474700,117.5242,-0.6073
2025-09-09,GOOGL,239.47,38061000,120.3313,2.3316
2025-09-10,GOOGL,239.01,35141100,120.1003,0.113
2025-09-11,GOOGL,240.21,30599300,120.7029,0.2043
2025-09-12,GOOGL,240.64,26771600,120.9188,0.1789
2025-09-15,GOOGL,251.45,58383800,126.3471,2.8407
2025-09-16,GOOGL,251.0,34109700,126.1211,-0.365
2025-09-17,GOOGL,249.37,34108000,125.3026,-0.6727
2025-09-18,GOOGL,251.87,31239500,126.558,0.1391
2025-09-19,GOOGL,254.55,55571400,127.9088,0.5805
2025-09-22,GOOGL,252.36,32290500,126.8091,-0.7468
2025-09-23,GOOGL,251.5,26628000,126.3722,-0.5454
2025-09-24,GOOGL,246.98,28201000,124.1025,-1.7961
2025-09-25,GOOGL,245.63,31020400,123.4245,0.5687
2025-09-26,GOOGL,246.38,18503200,123.8012,-0.2145
2025-09-29,GOOGL,243.89,32505800,122.5508,-1.5332
2025-09-30,GOOGL,242.94,34724300,122.0738,0.1194
2025-10-01,GOOGL,244.74,31658200,122.9776,1.7238
2025-10-02,GOOGL,245.53,25483300,123.3743,0.2203
2025-10-03,GOOGL,245.19,30249600,123.2036,0.3518
2025-10-06,GOOGL,250.27,28894700,125.7546,2.3082
2025-10-07,GOOGL,245.6,23181300,123.4095,-1.011
2025-10-08,GOOGL,244.46,21307100,122.837,-0.1388
2025-10-09,GOOGL,241.37,27892100,121.2854,-1.2026
2025-10-10,GOOGL,236.42,33180300,118.7947,-2.013
2025-10-13,GOOGL,243.99,24995000,122.601,1.6402
2025-10-14,GOOGL,245.29,22111600,123.2538,1.7494
2025-10-15,GOOGL,250.87,27007700,126.0558,1.5288
2025-10-16,GOOGL,251.3,27997200,126.2718,-0.1231
2025-10-17,GOOGL,253.13,29671600,127.1957,1.0129
2025-10-20,GOOGL,256.38,22350200,128.8277,0.7303
2025-10-21,GOOGL,250.3,47312100,125.7696,-1.6801
2025-10-22,GOOGL,251.53,35029400,126.3873,-1.0536
2025-10-23,GOOGL,252.91,19901400,127.0853,0.0395
2025-10-24,GOOGL,259.75,28655100,130.52,1.3017
2025-10-27,GOOGL,269.09,35235200,135.2151,1.6804
2025-10-28,GOOGL,267.3,29738600,134.3113,-0.8232
2025-10-29,GOOGL,274.39,43580300,137.8766,2.5472
2025-10-30,GOOGL,281.3,74876000,141.3465,-3.4672
2025-10-31,GOOGL,281.01,39267900,141.2008,-0.7132
2025-11-03,GOOGL,283.53,29786000,142.4713,0.5458
2025-11-04,GOOGL,277.36,30078400,139.368,0.2855
2025-11-05,GOOGL,284.12,31010300,142.7675,1.9507
2025-11-06,GOOGL,284.56,37173600,142.9885,-0.2033
2025-11-07,GOOGL,278.65,34479600,140.0157,-1.5466
2025-11-10,GOOGL,289.91,29557300,145.675,1.997
2025-11-11,GOOGL,291.12,19842100,146.2826,1.2372
2025-11-12,GOOGL,286.52,24829900,143.9727,-1.7039
2025-11-13,GOOGL,278.39,29494000,139.8852,-1.3353
2025-11-14,GOOGL,276.23,31647200,138.8005,1.8422
2025-11-17,GOOGL,284.83,52670200,143.1241,-0.2659
2025-11-18,GOOGL,284.09,49158700,142.7525,-1.2642
2025-11-19,GOOGL,292.62,68198900,147.0359,1.9675
2025-11-20,GOOGL,289.26,62025200,145.3486,-4.955
2025-11-21,GOOGL,299.46,74137700,150.4756,1.093
2025-11-24,GOOGL,318.37,85165100,159.9764,2.3945
2025-11-25,GOOGL,323.23,88632100,162.4169,-0.8491
2025-11-26,GOOGL,319.74,51373400,160.6643,-0.2276
2025-11-28,GOOGL,319.97,26018600,160.7798,-0.9865
2025-12-01,GOOGL,314.68,41183000,158.1234,-0.8845
2025-12-02,GOOGL,315.6,35854700,158.5854,-0.2936
2025-12-03,GOOGL,319.42,41838300,160.5037,1.184
2025-12-04,GOOGL,317.41,31240900,159.4943,-1.4307
2025-12-05,GOOGL,321.06,28851700,161.3272,0.5571
2025-12-08,GOOGL,313.72,33909400,157.639,-1.9778
2025-12-09,GOOGL,317.08,30194000,159.3273,1.5078
2025-12-10,GOOGL,320.21,33428900,160.9001,1.3868
2025-12-11,GOOGL,312.43,42353700,156.9908,-2.39
2025-12-12,GOOGL,309.29,35940200,155.413,-1.4058
2025-12-15,GOOGL,308.22,29151900,154.8753,-0.9958
2025-12-16,GOOGL,306.57,30585000,154.0462,0.5312
2025-12-17,GOOGL,296.72,43930400,149.0967,-3.6655
2025-12-18,GOOGL,302.46,33518000,151.981,0.2453
2025-12-19,GOOGL,307.16,59943200,154.3427,1.7996
2025-12-22,GOOGL,309.78,26429900,155.6592,-0.0323
2025-12-23,GOOGL,314.35,25478700,157.9555,1.5244
2025-12-24,GOOGL,314.09,10097400,157.8249,-0.216
2025-12-26,GOOGL,313.51,10899000,157.5334,-0.3084
2025-12-29,GOOGL,313.56,19621800,157.5586,0.7033
2025-12-30,GOOGL,313.85,17380900,157.7043,0.432
2025-12-31,GOOGL,313.0,16377700,157.2772,0.0479
2026-01-02,GOOGL,315.15,32009400,158.3575,-0.5522
2026-01-05,GOOGL,316.54,30195600,159.056,-0.3526
2026-01-06,GOOGL,314.34,31212100,157.9505,-0.6511
2026-01-07,GOOGL,321.98,35104400,161.7895,2.424
2026-01-08,GOOGL,325.44,31896100,163.5281,-1.073
2026-01-09,GOOGL,328.57,26214200,165.1008,0.4525
2026-01-12,GOOGL,331.86,33923900,166.754,1.86
2026-01-13,GOOGL,335.97,33517600,168.8192,0.3045
2026-01-14,GOOGL,335.84,28525600,168.7539,0.2328
2026-01-15,GOOGL,332.78,28442400,167.2163,-1.4423
2026-01-16,GOOGL,330.0,40341600,165.8194,-1.3187
2026-01-20,GOOGL,322.0,35361000,161.7995,0.3522
2026-01-21,GOOGL,328.38,35386600,165.0054,2.3246
2026-01-22,GOOGL,330.54,26253600,166.0907,-1.1691
2026-01-23,GOOGL,327.93,27280000,164.7792,-1.3715
2026-01-26,GOOGL,333.26,26042100,167.4575,1.6626
2026-01-27,GOOGL,334.55,21636200,168.1057,-0.2445
2026-01-28,GOOGL,336.01,27434400,168.8393,-0.0149
2026-01-29,GOOGL,338.25,39785600,169.9649,-0.6024
2026-01-30,GOOGL,338.0,31024000,169.8392,-0.5882
2026-02-02,GOOGL,343.69,32006100,172.6984,2.2218
2026-02-03,GOOGL,339.71,36506700,170.6985,-2.1967
2026-02-04,GOOGL,333.04,70618400,167.3469,-2.8925
2026-02-05,GOOGL,331.25,88205800,166.4475,6.0951
2026-02-06,GOOGL,322.86,56380500,162.2316,-1.3204
2026-02-09,GOOGL,324.32,39640100,162.9653,1.0563
2026-02-10,GOOGL,318.58,39170000,160.081,-0.7446
2026-02-11,GOOGL,310.96,45406400,156.2521,-2.5112
2026-02-12,GOOGL,309.0,47761300,155.2672,-0.9901
2026-02-13,GOOGL,305.72,38499700,153.6191,-0.6532
2026-02-17,GOOGL,302.02,39247600,151.7599,0.6599
2026-02-18,GOOGL,303.33,28482100,152.4182,0.4105
2026-02-19,GOOGL,302.85,25834400,152.177,0.3413
2026-02-20,GOOGL,315.19,34162196,158.3776,3.6468
2025-08-20,NVDA,175.38,215142700,100.0,0.1313
2025-08-21,NVDA,174.96,140040900,99.7605,0.0743
2025-08-22,NVDA,177.97,172789400,101.4766,3.1169
2025-08-25,NVDA,179.79,163012800,102.5143,0.8186
2025-08-26,NVDA,181.75,168688200,103.6317,0.9497
2025-08-27,NVDA,181.58,235518900,103.5348,-0.2088
2025-08-28,NVDA,180.15,281787800,102.7195,-0.3595
2025-08-29,NVDA,174.16,243257900,99.3044,-2.2065
2025-09-02,NVDA,170.76,231164900,97.366,0.4588
2025-09-03,NVDA,170.6,164424900,97.2748,-0.2572
2025-09-04,NVDA,171.64,141670100,97.8677,0.639
2025-09-05,NVDA,167.0,224441400,95.2224,-0.6011
2025-09-08,NVDA,168.29,163769100,95.9578,0.4536
2025-09-09,NVDA,170.74,157548400,97.3546,0.9876
2025-09-10,NVDA,177.31,226852000,101.1003,0.3906
2025-09-11,NVDA,177.16,151159300,101.0148,-1.3969
2025-09-12,NVDA,177.81,124911000,101.3854,0.0281
2025-09-15,NVDA,177.74,147061600,101.3455,1.184
2025-09-16,NVDA,174.87,140737800,99.7092,-1.1977
2025-09-17,NVDA,170.28,211843800,97.0921,-1.3612
2025-09-18,NVDA,176.23,191763300,100.4846,1.299
2025-09-19,NVDA,176.66,237182100,100.7297,0.512
2025-09-22,NVDA,183.6,269637000,104.6866,4.7404
2025-09-23,NVDA,178.42,192559600,101.7332,-1.9454
2025-09-24,NVDA,176.96,143564100,100.9008,-1.5575
2025-09-25,NVDA,177.68,191586700,101.3113,1.8398
2025-09-26,NVDA,178.18,148573700,101.5964,0.0112
2025-09-29,NVDA,181.84,193063500,103.6832,0.787
2025-09-30,NVDA,186.57,236981000,106.38,2.4714
2025-10-01,NVDA,187.23,173844900,106.7563,1.0797
2025-10-02,NVDA,188.88,136805800,107.6971,-0.3745
2025-10-03,NVDA,187.61,137596900,106.973,-0.8299
2025-10-06,NVDA,185.53,157678100,105.787,0.0216
2025-10-07,NVDA,185.03,140088000,105.502,-0.639
2025-10-08,NVDA,189.1,130168900,107.8225,1.3614
2025-10-09,NVDA,192.56,182997200,109.7952,0.1769
2025-10-10,NVDA,183.15,268774400,104.4301,-5.3486
2025-10-13,NVDA,188.31,153482800,107.3721,0.1862
2025-10-14,NVDA,180.02,205641400,102.6455,-2.5654
2025-10-15,NVDA,179.82,214450500,102.5314,-2.6894
2025-10-16,NVDA,181.8,179723300,103.6604,-0.2305
2025-10-17,NVDA,183.21,173135200,104.4643,1.6872
2025-10-20,NVDA,182.63,128544700,104.1336,-0.2676
2025-10-21,NVDA,181.15,124240200,103.2898,-0.8917
2025-10-22,NVDA,180.27,162249600,102.788,-0.4748
2025-10-23,NVDA,182.15,111363700,103.8599,0.9644
2025-10-24,NVDA,186.25,131296700,106.1975,1.3164
2025-10-27,NVDA,191.48,153452700,109.1795,0.7895
2025-10-28,NVDA,201.02,297986200,114.6188,4.1336
2025-10-29,NVDA,207.03,308829600,118.0454,-0.452
2025-10-30,NVDA,202.88,178864400,115.6793,-1.1016
2025-10-31,NVDA,202.48,179802200,115.4512,-1.9181
2025-11-03,NVDA,206.87,180267300,117.9542,-0.5767
2025-11-04,NVDA,198.68,188919300,113.2846,-2.1232
2025-11-05,NVDA,195.2,171350300,111.3005,-1.791
2025-11-06,NVDA,188.07,223029800,107.2352,-4.246
2025-11-07,NVDA,188.14,264942300,107.2752,1.7577
2025-11-10,NVDA,199.04,198897100,113.4899,2.0194
2025-11-11,NVDA,193.15,176483300,110.1316,-1.0248
2025-11-12,NVDA,193.79,154935300,110.4965,-0.981
2025-11-13,NVDA,186.85,207423100,106.5396,-2.1931
2025-11-14,NVDA,190.16,186591900,108.4269,3.9976
2025-11-17,NVDA,186.59,173628900,106.3914,0.3388
2025-11-18,NVDA,181.35,213598900,103.4038,-1.1015
2025-11-19,NVDA,186.51,247246400,106.3458,0.9362
2025-11-20,NVDA,180.63,343504800,102.9933,-7.8132
2025-11-21,NVDA,178.87,346926200,101.9898,-1.3021
2025-11-24,NVDA,182.54,256618300,104.0823,1.7048
2025-11-25,NVDA,177.81,320600300,101.3854,1.6637
2025-11-26,NVDA,180.25,183852000,102.7766,-0.7543
2025-11-28,NVDA,176.99,121332800,100.9179,-1.1228
2025-12-01,NVDA,179.91,188131000,102.5828,2.9526
2025-12-02,NVDA,181.45,182632200,103.4608,-0.165
2025-12-03,NVDA,179.58,165138000,102.3946,-0.8228
2025-12-04,NVDA,183.38,167364900,104.5613,0.9691
2025-12-05,NVDA,182.41,143971100,104.0082,-0.8048
2025-12-08,NVDA,185.55,204378100,105.7986,1.5933
2025-12-09,NVDA,184.97,144719700,105.4679,-0.318
2025-12-10,NVDA,183.78,162785400,104.7894,-0.6433
2025-12-11,NVDA,180.93,182136600,103.1644,0.3605
2025-12-12,NVDA,175.02,204274900,99.7945,-3.3626
2025-12-15,NVDA,176.29,164775600,100.5187,-0.9273
2025-12-16,NVDA,177.72,148588100,101.334,0.8283
2025-12-17,NVDA,170.94,222775500,97.4682,-2.9302
2025-12-18,NVDA,174.14,176096000,99.2928,-0.2235
2025-12-19,NVDA,180.99,324925900,103.1986,2.4452
2025-12-22,NVDA,183.69,129064400,104.7381,-0.1251
2025-12-23,NVDA,189.21,174873600,107.8855,3.4104
2025-12-24,NVDA,188.61,65528500,107.5434,0.3565
2025-12-26,NVDA,190.53,139740300,108.6382,0.3212
2025-12-29,NVDA,188.22,120006100,107.321,0.2717
2025-12-30,NVDA,187.54,97687300,106.9333,-0.3719
2025-12-31,NVDA,186.5,120100500,106.3403,-1.6195
2026-01-02,NVDA,188.85,148240500,107.6803,-0.5215
2026-01-05,NVDA,188.12,183529700,107.264,-1.8982
2026-01-06,NVDA,187.24,176862600,106.7623,-1.7216
2026-01-07,NVDA,189.11,153543200,107.8285,0.2864
2026-01-08,NVDA,185.04,172457000,105.5078,-2.1522
2026-01-09,NVDA,184.86,131327500,105.4052,-0.1189
2026-01-12,NVDA,184.94,137968500,105.4508,0.9388
2026-01-13,NVDA,185.81,160128900,105.9469,0.4378
2026-01-14,NVDA,183.14,159586100,104.4245,-0.6402
2026-01-15,NVDA,187.05,206188600,106.6539,0.2949
2026-01-16,NVDA,186.23,187967200,106.1864,-1.5073
2026-01-20,NVDA,178.07,223345300,101.5336,-2.1055
2026-01-21,NVDA,183.32,200381000,104.5271,2.3848
2026-01-22,NVDA,184.84,139636600,105.3938,0.0487
2026-01-23,NVDA,187.67,142748100,107.0074,0.0907
2026-01-26,NVDA,186.47,124799600,106.3232,-0.3687
2026-01-27,NVDA,188.52,143711600,107.4921,0.6836
2026-01-28,NVDA,191.52,148552700,109.2027,0.1307
2026-01-29,NVDA,192.51,171764400,109.7671,0.6115
2026-01-30,NVDA,191.13,179489500,108.9803,-0.0418
2026-02-02,NVDA,185.61,165794100,105.8328,-0.8494
2026-02-03,NVDA,180.34,204019600,102.8279,-3.168
2026-02-04,NVDA,174.19,207014100,99.3213,-2.9366
2026-02-05,NVDA,171.88,206312900,98.0041,-1.7435
2026-02-06,NVDA,185.41,231346200,105.7188,4.9352
2026-02-09,NVDA,190.04,196387400,108.3588,3.1369
2026-02-10,NVDA,188.54,136764800,107.5035,-1.484
2026-02-11,NVDA,190.05,144192700,108.3645,-1.2471
2026-02-12,NVDA,186.94,189932500,106.5912,-3.1549
2026-02-13,NVDA,182.81,161888000,104.2363,-2.4909
2026-02-17,NVDA,184.97,162276900,105.4679,1.7717
2026-02-18,NVDA,187.98,164749100,107.1842,-0.4079
2026-02-19,NVDA,187.9,126554500,107.1386,0.4491
2026-02-20,NVDA,189.15,136109202,107.8485,1.4074
2025-08-20,JPM,289.52,7374200,100.0,0.4917
2025-08-21,JPM,288.76,6624000,99.7365,-0.161
2025-08-22,JPM,293.48,8552800,101.3687,1.0368
2025-08-25,JPM,292.16,5856300,100.9102,-0.4523
2025-08-26,JPM,295.79,6714700,102.166,1.4992
2025-08-27,JPM,296.49,6056500,102.409,0.6829
2025-08-28,JPM,298.27,6410500,103.0215,0.35
2025-08-29,JPM,298.61,6796400,103.1413,-0.2053
2025-09-02,JPM,296.91,7221900,102.5527,-0.1865
2025-09-03,JPM,296.72,6316900,102.4877,-0.3527
2025-09-04,JPM,300.99,6605800,103.9625,1.2733
2025-09-05,JPM,291.64,9837700,100.7323,-3.0529
2025-09-08,JPM,290.18,8188500,100.2293,-0.6714
2025-09-09,JPM,295.08,7848200,101.9197,1.7943
2025-09-10,JPM,297.74,7787300,102.8401,1.2942
2025-09-11,JPM,302.72,7942500,104.5579,1.4341
2025-09-12,JPM,304.05,6846700,105.0199,0.6262
2025-09-15,JPM,306.03,7122000,105.7008,0.5632
2025-09-16,JPM,306.31,10525600,105.8,-0.2613
2025-09-17,JPM,308.85,8657800,106.676,0.4382
2025-09-18,JPM,310.31,8050700,107.1825,0.4619
2025-09-19,JPM,311.85,23568600,107.7128,0.3763
2025-09-22,JPM,309.53,7520200,106.9121,0.8522
2025-09-23,JPM,309.83,8584400,107.0148,0.295
2025-09-24,JPM,310.5,7310500,107.2475,-0.2006
2025-09-25,JPM,310.53,7083200,107.2577,-0.2133
2025-09-26,JPM,313.12,7258100,108.1508,0.3684
2025-09-29,JPM,312.75,6462400,108.0242,-0.4321
2025-09-30,JPM,312.49,11823300,107.9353,-0.2593
2025-10-01,JPM,307.82,9235200,106.3202,-1.0383
2025-10-02,JPM,304.69,7600000,105.2388,-0.7903
2025-10-03,JPM,307.14,6029900,106.0875,0.4927
2025-10-06,JPM,307.79,7214500,106.311,-0.3224
2025-10-07,JPM,306.31,8454200,105.7986,-0.5366
2025-10-08,JPM,302.66,6489900,104.5402,-1.3562
2025-10-09,JPM,304.16,7060300,105.0559,0.1574
2025-10-10,JPM,299.54,8597400,103.4605,-1.5606
2025-10-13,JPM,306.59,10788700,105.8949,0.7755
2025-10-14,JPM,300.72,16178800,103.8696,-1.2294
2025-10-15,JPM,304.32,11354800,105.1109,-0.2285
2025-10-16,JPM,297.2,10549400,102.6524,-2.2302
2025-10-17,JPM,296.22,10153500,102.3155,-0.5348
2025-10-20,JPM,301.0,6894900,103.9659,1.2931
2025-10-21,JPM,295.76,7372700,102.1538,-1.515
2025-10-22,JPM,292.79,8054100,101.1292,-1.2291
2025-10-23,JPM,293.22,5438800,101.277,0.0544
2025-10-24,JPM,299.09,7228300,103.3057,1.4726
2025-10-27,JPM,302.78,5642200,104.5814,0.6586
2025-10-28,JPM,303.99,6336000,104.9975,0.164
2025-10-29,JPM,304.14,7520300,105.049,0.659
2025-10-30,JPM,308.05,7514600,106.4004,1.1936
2025-10-31,JPM,309.72,7721300,106.978,0.8362
2025-11-03,JPM,307.96,7770000,106.3694,-0.5305
2025-11-04,JPM,307.86,7085200,106.335,0.8281
2025-11-05,JPM,310.28,6865200,107.1706,0.6686
2025-11-06,JPM,312.01,7206100,107.7689,0.7814
2025-11-07,JPM,312.8,7302300,108.0405,0.7438
2025-11-10,JPM,315.47,5794100,108.962,0.6
2025-11-11,JPM,314.2,5030200,108.5253,-0.5921
2025-11-12,JPM,318.97,10578300,110.1724,1.3122
2025-11-13,JPM,308.09,8973300,106.4141,-3.0542
2025-11-14,JPM,302.25,10327000,104.3957,-1.2683
2025-11-17,JPM,299.02,8344000,103.2817,-1.1941
2025-11-18,JPM,298.07,8077300,102.9516,-0.03
2025-11-19,JPM,301.91,5546600,104.2788,1.1777
2025-11-20,JPM,297.04,7501600,102.5974,-2.5984
2025-11-21,JPM,296.68,11766800,102.4736,-1.0853
2025-11-24,JPM,296.66,10940200,102.4667,-0.0805
2025-11-25,JPM,301.64,8877200,104.186,0.9832
2025-11-26,JPM,306.26,7910900,105.7814,0.8656
2025-11-28,JPM,311.67,4322400,107.652,1.2876
2025-12-01,JPM,307.53,7727300,106.2216,-1.2877
2025-12-02,JPM,306.5,7249000,105.864,-0.2785
2025-12-03,JPM,310.73,8535300,107.3253,1.6048
2025-12-04,JPM,314.68,9627800,108.6904,0.9066
2025-12-05,JPM,313.63,6518900,108.3259,-0.1901
2025-12-08,JPM,313.79,7417200,108.3844,0.0476
2025-12-09,JPM,299.16,18049200,103.3298,-4.5849
2025-12-10,JPM,308.72,18874100,106.6307,3.198
2025-12-11,JPM,315.95,9721900,109.1305,2.6323
2025-12-12,JPM,317.09,8982900,109.5225,-0.3629
2025-12-15,JPM,318.58,10864100,110.0383,0.1345
2025-12-16,JPM,314.13,8331300,108.5013,-1.1094
2025-12-17,JPM,313.57,8718700,108.3053,-1.0834
2025-12-18,JPM,311.59,11444900,107.6245,-0.9494
2025-12-19,JPM,315.79,24494400,109.0721,1.0899
2025-12-22,JPM,321.64,8354600,111.0939,1.7574
2025-12-23,JPM,324.47,6668300,112.0704,0.7169
2025-12-24,JPM,327.69,4289300,113.1845,0.8981
2025-12-26,JPM,326.44,4158300,112.7512,-0.3646
2025-12-29,JPM,322.3,8635300,111.3208,-0.9939
2025-12-30,JPM,321.97,7904300,111.2074,-0.4279
2025-12-31,JPM,320.77,5048500,110.7947,-0.6536
2026-01-02,JPM,324.02,8054000,111.9157,0.924
2026-01-05,JPM,332.54,10752600,114.859,2.6237
2026-01-06,JPM,334.61,7660800,115.574,0.5983
2026-01-07,JPM,326.99,9815200,112.9421,-1.2533
2026-01-08,JPM,329.79,11737100,113.9092,1.0417
2026-01-09,JPM,329.19,6738100,113.7019,-0.0455
2026-01-12,JPM,324.49,12805100,112.0786,0.8109
2026-01-13,JPM,310.9,19371200,107.3846,-4.132
2026-01-14,JPM,307.87,25951500,106.338,-0.1071
2026-01-15,JPM,309.26,14751400,106.8181,0.2561
2026-01-16,JPM,312.47,14652500,107.9269,0.6831
2026-01-20,JPM,302.74,12900600,104.5661,-1.1332
2026-01-21,JPM,302.04,10270100,104.3244,-0.4581
2026-01-22,JPM,303.63,10535800,104.8735,-0.4035
2026-01-23,JPM,297.72,11107900,102.8322,-1.4172
2026-01-26,JPM,301.04,11752700,103.979,1.0846
2026-01-27,JPM,300.31,11527400,103.7268,-0.3385
2026-01-28,JPM,300.77,9556700,103.8857,0.1665
2026-01-29,JPM,306.42,11580000,105.8372,1.3294
2026-01-30,JPM,305.89,11953200,105.6542,0.2097
2026-02-02,JPM,308.14,9839400,106.4313,1.2087
2026-02-03,JPM,314.85,12688000,108.7489,1.6531
2026-02-04,JPM,317.27,9848800,109.5848,0.9096
2026-02-05,JPM,310.16,9388000,107.129,-1.5365
2026-02-06,JPM,322.4,17797400,111.3567,2.4435
2026-02-09,JPM,322.1,11477500,111.2531,0.2365
2026-02-10,JPM,318.28,9902200,109.9336,-1.3238
2026-02-11,JPM,310.82,8703500,107.357,-3.8423
2026-02-12,JPM,302.64,13443400,104.5316,-3.087
2026-02-13,JPM,302.55,9114500,104.5005,1.35
2026-02-17,JPM,307.13,8896800,106.0824,1.4434
2026-02-18,JPM,308.78,7209600,106.6523,0.1037
2026-02-19,JPM,308.05,6737700,106.4002,0.2865
2026-02-20,JPM,310.14,4335491,107.1238,0.5658
2025-08-20,V,342.54,5834400,100.0,0.1543
2025-08-21,V,342.3,6073600,99.9302,0.2333
2025-08-22,V,348.63,4973200,101.7765,1.3962
2025-08-25,V,347.41,8019800,101.4218,-0.226
2025-08-26,V,349.76,5876200,102.108,0.7141
2025-08-27,V,348.94,5531100,101.8667,-0.1026
2025-08-28,V,348.45,4987100,101.7242,-0.2111
2025-08-29,V,350.36,3671900,102.2825,0.3766
2025-09-02,V,348.66,4940300,101.7853,0.2176
2025-09-03,V,349.46,4176400,102.0178,0.438
2025-09-04,V,349.58,4324000,102.0527,0.0741
2025-09-05,V,341.84,5448300,99.7936,-2.3223
2025-09-08,V,340.92,4711600,99.5261,-0.0117
2025-09-09,V,342.6,4646200,100.0174,0.6731
2025-09-10,V,336.76,6557900,98.3107,-1.3105
2025-09-11,V,342.11,5157600,99.8721,1.4052
2025-09-12,V,338.06,3518300,98.6916,-0.5246
2025-09-15,V,337.68,4367500,98.5811,-0.458
2025-09-16,V,338.66,5527700,98.866,1.1272
2025-09-17,V,344.8,5763500,100.66,1.8415
2025-09-18,V,336.82,7526600,98.3282,-1.9
2025-09-19,V,340.23,13674300,99.3254,0.3407
2025-09-22,V,342.97,5621800,100.125,1.5781
2025-09-23,V,337.33,10142700,98.4793,-1.7093
2025-09-24,V,337.31,5207400,98.4735,-0.1327
2025-09-25,V,333.58,5398700,97.3832,-1.0108
2025-09-26,V,336.01,9619200,98.0926,0.0415
2025-09-29,V,338.79,7217800,98.9039,0.824
2025-09-30,V,340.0,8164400,99.2586,0.4591
2025-10-01,V,346.43,8381000,101.134,2.2097
2025-10-02,V,344.56,5198000,100.5873,-0.078
2025-10-03,V,348.43,5199700,101.7184,1.0777
2025-10-06,V,347.87,4735600,101.5555,-0.2086
2025-10-07,V,351.0,5044600,102.4685,0.6742
2025-10-08,V,349.94,3927500,102.1603,-0.684
2025-10-09,V,345.64,4434800,100.9043,-1.2604
2025-10-10,V,342.26,6296200,99.9186,-1.1449
2025-10-13,V,341.92,4030700,99.8168,-0.1222
2025-10-14,V,346.98,5731000,101.2939,2.1642
2025-10-15,V,344.3,3778200,100.5117,-0.7721
2025-10-16,V,334.05,6241500,97.5198,-2.7826
2025-10-17,V,340.51,6267100,99.4069,1.2198
2025-10-20,V,343.02,4665000,100.1396,0.7341
2025-10-21,V,345.81,4121800,100.9537,1.192
2025-10-22,V,343.97,5074400,100.4158,-0.7073
2025-10-23,V,344.57,7217200,100.5902,-0.0693
2025-10-24,V,345.98,3576700,101.0031,-0.2355
2025-10-27,V,346.42,5400300,101.1311,-0.3381
2025-10-28,V,345.5,7445400,100.8636,-0.482
2025-10-29,V,339.9,8361700,99.2295,-1.3642
2025-10-30,V,343.64,6411800,100.3198,0.8211
2025-10-31,V,339.37,7301600,99.0725,-0.3917
2025-11-03,V,335.54,5538000,97.956,-1.2023
2025-11-04,V,338.93,5920200,98.9446,1.1353
2025-11-05,V,338.67,4984600,98.869,-0.0265
2025-11-06,V,335.6,8507900,97.9734,-0.4814
2025-11-07,V,334.67,5318400,97.7001,-0.2109
2025-11-10,V,333.5,5295800,97.3599,-0.5347
2025-11-11,V,337.55,4453300,98.5433,1.0194
2025-11-12,V,338.18,6389600,98.7269,0.1863
2025-11-13,V,335.39,4961700,97.9111,-0.8731
2025-11-14,V,329.34,6422300,96.1456,-1.7476
2025-11-17,V,325.08,6494800,94.9016,-1.6337
2025-11-18,V,320.52,9170400,93.5703,-1.0231
2025-11-19,V,323.45,7066700,94.4268,0.8087
2025-11-20,V,323.1,6510300,94.3248,-0.108
2025-11-21,V,327.31,8930000,95.5513,0.7991
2025-11-24,V,328.62,9337100,95.9359,0.0182
2025-11-25,V,333.84,5854300,97.4596,1.7118
2025-11-26,V,333.1,4309900,97.244,-0.2212
2025-11-28,V,333.75,4586200,97.4333,0.3029
2025-12-01,V,329.71,7082300,96.2534,-0.7659
2025-12-02,V,328.94,8201900,96.0291,-0.5521
2025-12-03,V,328.93,6296700,96.0262,0.0
2025-12-04,V,326.43,6277500,95.295,-1.2618
2025-12-05,V,330.56,5266600,96.5011,1.3493
2025-12-08,V,326.17,6059400,95.2192,-0.9215
2025-12-09,V,325.83,4325400,95.1202,-0.0337
2025-12-10,V,325.06,5467500,94.8958,-0.2786
2025-12-11,V,344.92,12953600,100.6934,3.9176
2025-12-12,V,347.11,6942300,101.3343,-0.0489
2025-12-15,V,346.18,7004600,101.0604,-0.2702
2025-12-16,V,344.4,7269300,100.5419,-0.2572
2025-12-17,V,343.7,7263500,100.3379,-0.3299
2025-12-18,V,345.3,6805000,100.8041,0.2434
2025-12-19,V,348.53,18623900,101.748,0.9247
2025-12-22,V,351.37,5043500,102.5754,0.5971
2025-12-23,V,352.65,3703200,102.9512,0.392
2025-12-24,V,354.41,2023600,103.4639,0.4981
2025-12-26,V,354.27,2017000,103.4231,-0.0282
2025-12-29,V,353.88,3989900,103.3095,-0.2475
2025-12-30,V,352.89,3366500,103.0211,-0.1073
2025-12-31,V,349.99,3503200,102.1733,-0.8313
2026-01-02,V,345.77,5403800,100.941,-0.9689
2026-01-05,V,353.07,7592200,103.0735,2.6996
2026-01-06,V,356.82,6775400,104.1689,1.097
2026-01-07,V,355.15,6333900,103.6795,-0.3556
2026-01-08,V,351.51,6357600,102.6161,-0.7803
2026-01-09,V,349.05,4902900,101.8995,-0.6787
2026-01-12,V,342.49,13281300,99.9854,0.1225
2026-01-13,V,327.21,20383500,95.5222,-2.7062
2026-01-14,V,328.49,9388400,95.898,0.1552
2026-01-15,V,327.08,8587700,95.4843,-0.4798
2026-01-16,V,327.62,8341600,95.6445,0.4651
2026-01-20,V,325.15,8279900,94.922,1.1141
2026-01-21,V,324.61,8974600,94.7647,-0.3523
2026-01-22,V,325.69,6938700,95.0794,-0.0306
2026-01-23,V,325.51,5667900,95.0269,0.0982
2026-01-26,V,327.81,7540200,95.6999,0.1494
2026-01-27,V,324.59,6365800,94.7589,-0.9803
2026-01-28,V,326.31,8106000,95.26,0.0765
2026-01-29,V,331.12,10214200,96.6642,0.5455
2026-01-30,V,321.17,11199100,93.7596,-3.1275
2026-02-02,V,333.15,8502400,97.2585,2.7738
2026-02-03,V,328.25,9081200,95.8281,-0.8201
2026-02-04,V,329.27,8472300,96.1253,0.8682
2026-02-05,V,328.45,8339000,95.8864,-1.1622
2026-02-06,V,330.9,7798800,96.6001,-0.0603
2026-02-09,V,324.91,8513400,94.8521,-1.5661
2026-02-10,V,328.17,5801800,95.8038,1.0656
2026-02-11,V,329.24,8264300,96.1162,0.7096
2026-02-12,V,324.18,9392600,94.639,-1.4321
2026-02-13,V,314.08,11653900,91.6905,-3.0108
2026-02-17,V,319.5,8591700,93.2728,1.6189
2026-02-18,V,320.3,7091900,93.5063,0.2504
2026-02-19,V,318.93,5967600,93.1064,0.4536
2026-02-20,V,321.62,3482514,93.8917,1.1034
2025-08-20,GS,713.31,1872700,100.0,-0.0721
2025-08-21,GS,708.62,1162000,99.3437,-0.0823
2025-08-22,GS,734.3,1948600,102.9431,3.0202
2025-08-25,GS,731.23,1381200,102.5129,-0.4179
2025-08-26,GS,741.29,1511600,103.9227,1.5236
2025-08-27,GS,742.0,1534800,104.0226,0.496
2025-08-28,GS,743.53,1411200,104.2377,0.0306
2025-08-29,GS,741.57,1467000,103.9628,-0.1955
2025-09-02,GS,727.24,2296400,101.954,-0.7523
2025-09-03,GS,726.96,1485600,101.9136,0.2745
2025-09-04,GS,745.21,1778200,104.472,2.0647
2025-09-05,GS,734.57,1822800,102.9808,-1.8586
2025-09-08,GS,738.19,1400100,103.4885,0.3286
2025-09-09,GS,760.15,2611300,106.5673,3.2143
2025-09-10,GS,765.78,1996200,107.3569,1.0133
2025-09-11,GS,780.86,2075700,109.4703,1.649
2025-09-12,GS,776.21,1099400,108.8189,-0.4391
2025-09-15,GS,782.88,1292000,109.7535,0.4866
2025-09-16,GS,781.65,1529500,109.5819,-0.5066
2025-09-17,GS,790.3,1945300,110.7942,0.6795
2025-09-18,GS,800.34,1501600,112.2018,1.0986
2025-09-19,GS,801.03,3789800,112.298,0.1132
2025-09-22,GS,801.59,1151000,112.3761,0.5517
2025-09-23,GS,802.34,1758800,112.4822,-0.0966
2025-09-24,GS,788.52,1402500,110.5445,-2.1148
2025-09-25,GS,790.84,1413100,110.8695,1.1145
2025-09-26,GS,798.55,1376200,111.9507,0.6711
2025-09-29,GS,800.15,1059000,112.1752,-0.4556
2025-09-30,GS,792.42,2463900,111.0913,-1.1359
2025-10-01,GS,781.64,1788900,109.5791,-1.0219
2025-10-02,GS,775.54,1553700,108.724,-1.2042
2025-10-03,GS,786.08,1470500,110.2027,0.8914
2025-10-06,GS,792.85,1632600,111.1513,0.2239
2025-10-07,GS,785.75,1547200,110.1567,-1.0464
2025-10-08,GS,772.68,1939300,108.3236,-1.9248
2025-10-09,GS,776.11,1575000,108.8049,0.1425
2025-10-10,GS,760.59,2457900,106.6287,-2.3955
2025-10-13,GS,782.9,2766000,109.7563,1.1441
2025-10-14,GS,766.96,4710800,107.5215,0.8254
2025-10-15,GS,764.14,3217400,107.1267,-1.3729
2025-10-16,GS,754.35,3160900,105.754,-1.6311
2025-10-17,GS,747.07,2884700,104.7329,-0.9734
2025-10-20,GS,759.55,1925400,106.4836,0.8349
2025-10-21,GS,755.24,1782200,105.8782,-0.0026
2025-10-22,GS,740.93,2141400,103.8722,-2.1049
2025-10-23,GS,747.08,1615400,104.7343,0.1922
2025-10-24,GS,780.01,2505600,109.3518,3.1625
2025-10-27,GS,786.09,1645300,110.2041,0.1255
2025-10-28,GS,788.18,1242000,110.4971,0.0051
2025-10-29,GS,779.2,2251500,109.2374,-0.6269
2025-10-30,GS,786.26,1829500,110.2278,0.8423
2025-10-31,GS,785.48,1328100,110.1176,0.5593
2025-11-03,GS,781.65,1569100,109.5805,-0.5129
2025-11-04,GS,786.93,2046000,110.3213,1.7799
2025-11-05,GS,789.18,1832700,110.6366,0.3353
2025-11-06,GS,783.69,1572500,109.8679,-0.8086
2025-11-07,GS,782.46,2098400,109.6949,0.4266
2025-11-10,GS,793.27,1698200,111.2099,0.1407
2025-11-11,GS,806.31,1521500,113.0388,1.4816
2025-11-12,GS,834.83,2954100,117.0368,3.0511
2025-11-13,GS,801.53,2557400,112.3678,-3.3083
2025-11-14,GS,787.01,2552000,110.3324,-0.5832
2025-11-17,GS,771.73,1850600,108.1911,-1.8278
2025-11-18,GS,772.47,1673500,108.2943,0.5492
2025-11-19,GS,782.11,1521100,109.6461,1.2482
2025-11-20,GS,769.88,2599000,107.9316,-2.7098
2025-11-21,GS,770.21,2284700,107.9777,-0.3604
2025-11-24,GS,786.81,2319500,110.3045,1.5501
2025-11-25,GS,798.36,2252900,111.9242,0.6675
2025-11-26,GS,811.98,1862500,113.8339,1.262
2025-11-28,GS,821.97,868300,115.2331,0.7366
2025-12-01,GS,806.86,2133200,113.1155,-0.9443
2025-12-02,GS,815.21,2254200,114.2861,0.5042
2025-12-03,GS,836.57,2347900,117.2806,2.9055
2025-12-04,GS,837.83,1670800,117.4572,0.2741
2025-12-05,GS,854.56,2277500,119.8027,2.0663
2025-12-08,GS,866.69,2238100,121.5032,0.6492
2025-12-09,GS,876.58,2274800,122.8897,1.2217
2025-12-10,GS,889.24,2394300,124.6645,2.0531
2025-12-11,GS,911.03,2683000,127.7193,2.3652
2025-12-12,GS,887.96,2715200,124.4851,-2.8224
2025-12-15,GS,889.59,1976600,124.7136,-0.2702
2025-12-16,GS,879.15,2161600,123.25,-1.2446
2025-12-17,GS,872.33,2213300,122.2939,-1.5795
2025-12-18,GS,876.3,2066300,122.8504,-0.477
2025-12-19,GS,893.48,4808300,125.2589,1.1674
2025-12-22,GS,899.0,1442300,126.0328,0.2766
2025-12-23,GS,901.71,1210200,126.4127,0.1511
2025-12-24,GS,910.78,771800,127.6843,1.0675
2025-12-26,GS,907.04,995300,127.1599,-0.4347
2025-12-29,GS,892.18,1578000,125.0767,-1.5743
2025-12-30,GS,884.42,1833300,123.9888,-1.1534
2025-12-31,GS,879.0,1221500,123.229,-0.5769
2026-01-02,GS,914.34,2817600,128.1833,3.4321
2026-01-05,GS,948.44,3742000,132.9639,3.7227
2026-01-06,GS,955.47,1966000,133.9494,0.6383
2026-01-07,GS,941.02,2683300,131.9237,-1.6575
2026-01-08,GS,934.83,1960800,131.0559,-0.0695
2026-01-09,GS,938.98,1334100,131.6377,0.0224
2026-01-12,GS,949.55,2179600,133.1195,1.6649
2026-01-13,GS,938.15,1969600,131.5213,-0.968
2026-01-14,GS,932.67,2513000,130.7531,0.0397
2026-01-15,GS,975.86,3773700,136.808,5.5098
2026-01-16,GS,962.0,3071600,134.8649,-1.1305
2026-01-20,GS,943.37,2629100,132.2531,-0.3181
2026-01-21,GS,953.01,2251300,133.6046,0.9545
2026-01-22,GS,954.65,2468300,133.8345,-0.5635
2026-01-23,GS,918.88,3872600,128.8198,-1.6273
2026-01-26,GS,931.86,2655900,130.6395,1.4645
2026-01-27,GS,929.72,2012500,130.3395,0.619
2026-01-28,GS,936.81,1674100,131.3335,0.4611
2026-01-29,GS,940.12,2335400,131.7975,0.3009
2026-01-30,GS,935.41,1893700,131.1372,0.1563
2026-02-02,GS,946.33,1802000,132.6681,1.5234
2026-02-03,GS,938.99,2321900,131.6391,-1.1069
2026-02-04,GS,913.3,3561900,128.0375,-2.5418
2026-02-05,GS,890.41,3214300,124.8285,-1.2488
2026-02-06,GS,928.75,2473200,130.2035,2.2999
2026-02-09,GS,943.62,2322600,132.2882,1.5737
2026-02-10,GS,948.99,3324900,133.041,0.3479
2026-02-11,GS,944.59,2654300,132.4242,-0.6364
2026-02-12,GS,904.55,3188700,126.8109,-5.3986
2026-02-13,GS,905.14,2623000,126.8936,1.1997
2026-02-17,GS,916.04,2008500,128.4217,0.9155
2026-02-18,GS,933.73,1864900,130.9017,1.3184
2026-02-19,GS,916.65,1974200,128.5072,-0.9027
2026-02-20,GS,917.84,1222841,128.674,0.5797
2025-08-20,JNJ,176.42,9030000,100.0,0.1905
2025-08-21,JNJ,176.51,8859600,100.0503,0.2128
2025-08-22,JNJ,176.86,9524000,100.2516,-0.4166
2025-08-25,JNJ,175.99,6229100,99.7596,-0.6183
2025-08-26,JNJ,175.38,9145000,99.4103,-0.1471
2025-08-27,JNJ,175.67,5951100,99.5793,-0.1017
2025-08-28,JNJ,174.34,6424700,98.8245,-0.5216
2025-08-29,JNJ,176.05,6942300,99.7934,0.6819
2025-09-02,JNJ,176.94,9049000,100.2947,0.3324
2025-09-03,JNJ,176.88,7111700,100.2609,0.1857
2025-09-04,JNJ,177.63,7854800,100.6889,0.427
2025-09-05,JNJ,177.3,9733800,100.5031,0.2416
2025-09-08,JNJ,177.01,8382500,100.3341,0.4341
2025-09-09,JNJ,175.84,6005700,99.6751,-0.5843
2025-09-10,JNJ,174.68,6891600,99.016,-0.2893
2025-09-11,JNJ,177.37,5792500,100.5425,1.5647
2025-09-12,JNJ,176.94,7220200,100.2947,0.1969
2025-09-15,JNJ,176.28,4768100,99.9229,-0.2025
2025-09-16,JNJ,175.35,7959300,99.3934,-0.6251
2025-09-17,JNJ,176.08,6714900,99.8103,0.2773
2025-09-18,JNJ,173.06,8200900,98.0979,-1.3817
2025-09-19,JNJ,175.08,25621000,99.2414,0.8587
2025-09-22,JNJ,173.11,7193900,98.1261,-1.0676
2025-09-23,JNJ,175.47,8350400,99.461,0.9663
2025-09-24,JNJ,175.58,6676800,99.523,0.3123
2025-09-25,JNJ,176.61,8475000,100.1088,0.2991
2025-09-26,JNJ,178.58,8634400,101.224,0.6215
2025-09-29,JNJ,180.47,8597100,102.2999,0.9954
2025-09-30,JNJ,184.25,11569000,104.4403,2.0473
2025-10-01,JNJ,184.88,13063800,104.7951,0.0269
2025-10-02,JNJ,184.81,7728100,104.7557,0.9718
2025-10-03,JNJ,187.45,8675100,106.254,0.8446
2025-10-06,JNJ,186.97,5806100,105.9836,0.0851
2025-10-07,JNJ,187.7,8776800,106.3948,2.7861
2025-10-08,JNJ,188.49,5751200,106.8454,0.4342
2025-10-09,JNJ,189.87,7484800,107.6283,0.5684
2025-10-10,JNJ,189.52,9598000,107.4256,-0.6718
2025-10-13,JNJ,189.7,7979500,107.527,0.5637
2025-10-14,JNJ,189.65,13613300,107.4988,-1.073
2025-10-15,JNJ,189.96,9473000,107.679,-0.1619
2025-10-16,JNJ,190.91,10611800,108.2141,0.4077
2025-10-17,JNJ,192.0,7764400,108.8337,0.374
2025-10-20,JNJ,192.5,8034700,109.1154,0.1137
2025-10-21,JNJ,190.67,6716000,108.079,-0.5855
2025-10-22,JNJ,191.72,6343100,108.676,0.4896
2025-10-23,JNJ,191.26,8882500,108.4113,-0.0467
2025-10-24,JNJ,189.2,6903400,107.2453,-0.9365
2025-10-27,JNJ,189.1,7126000,107.189,0.1632
2025-10-28,JNJ,185.75,8329500,105.2908,-1.2311
2025-10-29,JNJ,185.42,10551100,105.1049,-0.0536
2025-10-30,JNJ,187.86,7072500,106.4849,1.053
2025-10-31,JNJ,187.68,8791700,106.3835,0.7522
2025-11-03,JNJ,185.08,7542600,104.9134,-1.4497
2025-11-04,JNJ,185.68,7209400,105.2514,0.0161
2025-11-05,JNJ,184.83,5049400,104.767,-0.3429
2025-11-06,JNJ,185.79,6767400,105.3133,0.1124
2025-11-07,JNJ,185.39,6959200,105.088,-0.6232
2025-11-10,JNJ,187.22,5323800,106.1244,1.2957
2025-11-11,JNJ,192.61,7465600,109.1773,2.3444
2025-11-12,JNJ,193.16,8803000,109.4927,0.5327
2025-11-13,JNJ,194.02,8631600,109.9772,0.5355
2025-11-14,JNJ,194.69,8824800,110.3602,0.4769
2025-11-17,JNJ,198.32,13257000,112.4161,1.3302
2025-11-18,JNJ,198.74,12468600,112.6527,0.4975
2025-11-19,JNJ,201.23,14690800,114.0664,1.255
2025-11-20,JNJ,201.79,10612600,114.3819,0.5297
2025-11-21,JNJ,202.61,13189100,114.8494,-0.0294
2025-11-24,JNJ,204.75,14803900,116.0604,1.1487
2025-11-25,JNJ,206.67,10275300,117.1487,0.7262
2025-11-26,JNJ,207.56,6729000,117.6532,0.5182
2025-11-28,JNJ,206.92,5638300,117.2904,-0.0386
2025-12-01,JNJ,205.34,8473700,116.3948,-0.5617
2025-12-02,JNJ,205.42,8393600,116.4402,0.0877
2025-12-03,JNJ,205.33,8363300,116.3892,-0.2768
2025-12-04,JNJ,202.48,9049900,114.7737,-1.0313
2025-12-05,JNJ,201.93,7785300,114.4619,-0.5173
2025-12-08,JNJ,201.62,7785700,114.2862,-0.5132
2025-12-09,JNJ,199.96,7509400,113.3452,-1.4587
2025-12-10,JNJ,206.54,11599800,117.075,2.9662
2025-12-11,JNJ,210.01,9009000,119.042,1.0149
2025-12-12,JNJ,211.58,6922700,119.9319,0.6182
2025-12-15,JNJ,214.17,8467000,121.4,1.816
2025-12-16,JNJ,209.3,9949800,118.6395,-2.1963
2025-12-17,JNJ,210.33,8457600,119.2234,0.4489
2025-12-18,JNJ,208.31,7499900,118.0783,-0.7102
2025-12-19,JNJ,206.37,24803900,116.9787,-0.5733
2025-12-22,JNJ,207.32,8187800,117.5172,0.5773
2025-12-23,JNJ,205.78,7047300,116.6442,0.3707
2025-12-24,JNJ,207.78,2376500,117.7779,0.8641
2025-12-26,JNJ,207.63,2316700,117.6929,0.0482
2025-12-29,JNJ,207.56,4348900,117.6532,-0.2115
2025-12-30,JNJ,206.91,3937400,117.2848,-0.2891
2025-12-31,JNJ,206.95,4083800,117.3074,0.0193
2026-01-02,JNJ,207.35,6325500,117.5342,0.2563
2026-01-05,JNJ,204.31,9477000,115.811,-0.7578
2026-01-06,JNJ,204.79,8107900,116.0831,0.0929
2026-01-07,JNJ,207.49,7545900,117.6135,1.0864
2026-01-08,JNJ,205.75,6557800,116.6272,-0.5702
2026-01-09,JNJ,204.39,6154300,115.8563,-0.7382
2026-01-12,JNJ,209.72,11794300,118.8776,2.0287
2026-01-13,JNJ,213.65,11379600,121.1053,1.7817
2026-01-14,JNJ,218.55,11858800,123.8828,1.779
2026-01-15,JNJ,219.57,8492100,124.461,0.614
2026-01-16,JNJ,218.66,10021500,123.9451,-0.1735
2026-01-20,JNJ,218.21,14057100,123.6901,0.5159
2026-01-21,JNJ,218.01,14762900,123.5767,3.3223
2026-01-22,JNJ,218.49,13160000,123.8488,-0.128
2026-01-23,JNJ,220.14,6950600,124.7841,0.1547
2026-01-26,JNJ,221.49,6856700,125.5493,0.5813
2026-01-27,JNJ,224.44,8154100,127.2215,1.0991
2026-01-28,JNJ,227.72,9026500,129.0807,0.583
2026-01-29,JNJ,227.29,9645300,128.837,-0.6643
2026-01-30,JNJ,227.25,11045500,128.8143,-0.4425
2026-02-02,JNJ,230.75,8187500,130.7982,1.0643
2026-02-03,JNJ,233.1,9346600,132.1303,0.6911
2026-02-04,JNJ,234.47,8641400,132.9069,-0.2255
2026-02-05,JNJ,237.79,10267500,134.7888,1.1872
2026-02-06,JNJ,239.99,8274000,136.0358,0.431
2026-02-09,JNJ,238.64,9378500,135.2706,-0.6701
2026-02-10,JNJ,238.35,6723300,135.1062,-0.6792
2026-02-11,JNJ,240.86,6803900,136.529,0.6351
2026-02-12,JNJ,244.55,10254300,138.6206,1.6925
2026-02-13,JNJ,243.45,13268500,137.9971,-0.4661
2026-02-17,JNJ,243.33,12703000,137.9291,-0.3277
2026-02-18,JNJ,244.99,8129700,138.87,0.7195
2026-02-19,JNJ,246.91,7553900,139.9584,0.9361
2026-02-20,JNJ,243.95,8141730,138.2805,-1.0224
2025-08-20,UNH,295.97,16679000,100.0,-2.141
2025-08-21,UNH,299.43,13359000,101.1706,0.3507
2025-08-22,UNH,303.45,14930000,102.528,0.4312
2025-08-25,UNH,300.93,8917100,101.6742,-1.1767
2025-08-26,UNH,296.55,16303200,100.1968,-1.275
2025-08-27,UNH,299.96,9982800,101.3474,1.1113
2025-08-28,UNH,298.39,11235000,100.8171,-0.6442
2025-08-29,UNH,305.87,12065400,103.3451,2.5041
2025-09-02,UNH,304.81,10957100,102.9883,0.1589
2025-09-03,UNH,303.91,9654600,102.6814,-0.0746
2025-09-04,UNH,306.37,7725700,103.5152,1.3982
2025-09-05,UNH,311.32,14126700,105.1861,1.5945
2025-09-08,UNH,316.12,18438600,106.807,0.1689
2025-09-09,UNH,343.43,46408900,116.0352,4.6376
2025-09-10,UNH,342.3,17804300,115.655,0.3531
2025-09-11,UNH,349.05,18943500,117.9329,1.3209
2025-09-12,UNH,347.96,14016200,117.566,-0.9525
2025-09-15,UNH,345.57,11035900,116.7572,-0.9594
2025-09-16,UNH,337.51,12695800,114.0354,-2.2216
2025-09-17,UNH,339.33,8467700,114.6495,1.1608
2025-09-18,UNH,332.58,11255600,112.3707,-2.5354
2025-09-19,UNH,334.44,13656800,112.9983,0.0565
2025-09-22,UNH,339.02,8903700,114.5455,2.0451
2025-09-23,UNH,345.37,12504100,116.6901,1.9619
2025-09-24,UNH,349.46,9016300,118.0728,0.4597
2025-09-25,UNH,343.25,8104900,115.9752,-0.9573
2025-09-26,UNH,341.78,6774700,115.4785,-1.1065
2025-09-29,UNH,342.87,6878900,115.8477,0.3489
2025-09-30,UNH,342.99,7429700,115.888,0.4509
2025-10-01,UNH,345.97,8825500,116.8948,1.2794
2025-10-02,UNH,351.36,8564200,118.7138,1.8515
2025-10-03,UNH,357.79,13494800,120.8886,0.8258
2025-10-06,UNH,356.37,7181700,120.4087,-0.626
2025-10-07,UNH,361.23,7236200,122.0499,1.1825
2025-10-08,UNH,367.45,9438300,124.1508,0.8149
2025-10-09,UNH,365.23,8759800,123.4024,-1.2966
2025-10-10,UNH,352.13,13141900,118.9756,-4.0336
2025-10-13,UNH,356.26,5659400,120.3718,1.105
2025-10-14,UNH,357.53,5974800,120.798,1.403
2025-10-15,UNH,358.74,6579600,121.2075,0.4897
2025-10-16,UNH,354.29,5872100,119.7039,-1.4288
2025-10-17,UNH,354.22,8608400,119.6804,1.5954
2025-10-20,UNH,362.05,5996500,122.3251,1.6567
2025-10-21,UNH,362.93,6885300,122.6238,0.063
2025-10-22,UNH,359.08,7833000,121.3216,-0.6786
2025-10-23,UNH,358.04,5756700,120.9725,1.3696
2025-10-24,UNH,360.08,5462100,121.6605,0.3127
2025-10-27,UNH,363.54,7766400,122.8285,0.6823
2025-10-28,UNH,365.38,18858700,123.4527,-3.3729
2025-10-29,UNH,352.89,11874900,119.2307,-2.4761
2025-10-30,UNH,342.45,11441900,115.7034,-0.7971
2025-10-31,UNH,339.28,8390800,114.6328,-0.8217
2025-11-03,UNH,331.56,11181400,112.025,-1.5746
2025-11-04,UNH,328.62,9646600,111.0316,0.9767
2025-11-05,UNH,325.55,9697100,109.9946,0.4413
2025-11-06,UNH,319.41,7922100,107.9205,-2.2376
2025-11-07,UNH,322.04,9402900,108.8098,1.4234
2025-11-10,UNH,319.43,9283800,107.9272,0.4969
2025-11-11,UNH,325.26,7157800,109.8972,1.2836
2025-11-12,UNH,336.8,10403300,113.7937,3.2303
2025-11-13,UNH,330.3,7788700,111.5988,-1.7231
2025-11-14,UNH,319.71,8676500,108.0211,-1.5568
2025-11-17,UNH,318.38,6485400,107.5714,-0.025
2025-11-18,UNH,311.49,9182100,105.2422,-1.082
2025-11-19,UNH,307.03,8181100,103.7353,-1.5417
2025-11-20,UNH,309.46,7337600,104.5576,0.2349
2025-11-21,UNH,317.83,8406300,107.3868,2.5841
2025-11-24,UNH,316.92,10773800,107.0781,-1.6886
2025-11-25,UNH,324.1,6149100,109.5046,1.6069
2025-11-26,UNH,327.51,5504200,110.6557,0.9553
2025-11-28,UNH,327.57,2464500,110.6759,-0.5729
2025-12-01,UNH,321.05,6154600,108.4742,-1.2074
2025-12-02,UNH,322.37,7978100,108.9206,0.3618
2025-12-03,UNH,337.44,9770000,114.0119,4.2055
2025-12-04,UNH,331.26,8061600,111.9243,-1.7413
2025-12-05,UNH,328.7,5906000,111.0585,-1.2209
2025-12-08,UNH,323.62,4782800,109.3421,-1.5455
2025-12-09,UNH,323.6,4628400,109.3353,0.1362
2025-12-10,UNH,328.37,5910500,110.947,1.7413
2025-12-11,UNH,336.73,7513200,113.7716,1.9251
2025-12-12,UNH,341.84,7979000,115.4981,1.2859
2025-12-15,UNH,341.1,6447200,115.2481,0.0323
2025-12-16,UNH,334.2,6334000,112.9168,-1.8272
2025-12-17,UNH,331.63,4685600,112.0484,-0.5935
2025-12-18,UNH,328.14,6354900,110.8693,-0.2402
2025-12-19,UNH,327.42,10553000,110.626,-0.1951
2025-12-22,UNH,325.16,7872400,109.8624,0.6999
2025-12-23,UNH,324.8,4463300,109.7408,0.2469
2025-12-24,UNH,327.58,2842700,110.68,0.7318
2025-12-26,UNH,331.83,4359300,112.116,1.415
2025-12-29,UNH,328.94,4346800,111.1396,-0.5893
2025-12-30,UNH,332.16,4432500,112.2275,0.737
2025-12-31,UNH,330.11,4285200,111.5349,-0.665
2026-01-02,UNH,336.4,6863600,113.6601,1.6621
2026-01-05,UNH,342.02,7956600,115.5589,1.9586
2026-01-06,UNH,348.97,9441900,117.9071,0.178
2026-01-07,UNH,341.7,7461400,115.4508,-2.0861
2026-01-08,UNH,346.85,5059300,117.1908,1.7126
2026-01-09,UNH,343.98,4129100,116.2211,-0.9417
2026-01-12,UNH,340.51,7146400,115.0487,-0.2665
2026-01-13,UNH,333.93,5605900,112.8255,-2.2167
2026-01-14,UNH,334.96,5740900,113.1735,-0.1223
2026-01-15,UNH,338.96,6943500,114.525,1.1217
2026-01-16,UNH,331.02,8039100,111.8423,-1.1467
2026-01-20,UNH,338.43,7596500,114.346,3.369
2026-01-21,UNH,347.75,8933300,117.4949,2.4512
2026-01-22,UNH,354.47,7491400,119.7654,2.0998
2026-01-23,UNH,356.26,9082200,120.3702,0.5589
2026-01-26,UNH,351.64,10399500,118.8092,-0.6526
2026-01-27,UNH,282.7,65836900,95.5164,-3.8337
2026-01-28,UNH,294.02,23396900,99.3411,3.6303
2026-01-29,UNH,292.29,13456400,98.7566,-0.6931
2026-01-30,UNH,286.93,12022200,96.9456,-1.7699
2026-02-02,UNH,285.59,8664200,96.4928,-0.1503
2026-02-03,UNH,284.18,10809100,96.0164,-0.1827
2026-02-04,UNH,275.92,12944100,93.2256,-2.1595
2026-02-05,UNH,268.55,13035300,90.7355,-2.0927
2026-02-06,UNH,276.65,9572800,93.4722,3.591
2026-02-09,UNH,275.7,10371600,93.1513,0.5654
2026-02-10,UNH,273.22,7284700,92.3133,-1.5494
2026-02-11,UNH,278.91,6333100,94.2358,2.3748
2026-02-12,UNH,284.37,12336900,96.0806,2.2325
2026-02-13,UNH,293.19,10281900,99.0606,2.6468
2026-02-17,UNH,289.09,6091700,97.6754,-1.6701
2026-02-18,UNH,288.2,6632000,97.3747,-0.6207
2026-02-19,UNH,289.93,4931800,97.9592,-0.33
2026-02-20,UNH,289.17,4632343,97.7041,0.0952
2025-08-20,AMZN,223.81,36604300,100.0,-1.4574
2025-08-21,AMZN,221.95,32140500,99.1689,-0.3144
2025-08-22,AMZN,228.84,37315300,102.2474,2.7156
2025-08-25,AMZN,227.94,22633700,101.8453,0.2595
2025-08-26,AMZN,228.71,26105400,102.1894,0.7045
2025-08-27,AMZN,229.12,21254500,102.3725,0.2406
2025-08-28,AMZN,231.6,33679600,103.4806,1.131
2025-08-29,AMZN,229.0,26199200,102.3189,-1.0029
2025-09-02,AMZN,225.34,38843900,100.6836,0.8142
2025-09-03,AMZN,225.99,29223100,100.974,0.3463
2025-09-04,AMZN,235.68,59391800,105.3036,1.9421
2025-09-05,AMZN,232.33,36721800,103.8068,-1.216
2025-09-08,AMZN,235.84,33947100,105.3751,0.3831
2025-09-09,AMZN,238.24,27033800,106.4474,0.7954
2025-09-10,AMZN,230.33,60907700,102.9132,-3.0271
2025-09-11,AMZN,229.95,37485600,102.7434,-0.6653
2025-09-12,AMZN,228.15,38496200,101.9391,-0.9551
2025-09-15,AMZN,231.43,33243300,103.4047,0.3469
2025-09-16,AMZN,234.05,38203900,104.5753,0.4765
2025-09-17,AMZN,231.62,42815200,103.4896,-0.9197
2025-09-18,AMZN,231.23,37931700,103.3153,-0.5462
2025-09-19,AMZN,231.48,97943200,103.427,-0.383
2025-09-22,AMZN,227.63,45914500,101.7068,-1.2708
2025-09-23,AMZN,220.71,70956200,98.6149,-3.1251
2025-09-24,AMZN,220.21,49509000,98.3915,-1.7577
2025-09-25,AMZN,218.15,52226300,97.4711,-0.8679
2025-09-26,AMZN,219.78,41650100,98.1994,0.3195
2025-09-29,AMZN,222.17,44259200,99.2672,0.9497
2025-09-30,AMZN,219.57,48396400,98.1055,-1.108
2025-10-01,AMZN,220.63,43933800,98.5792,1.5044
2025-10-02,AMZN,222.41,41258600,99.3745,0.6335
2025-10-03,AMZN,219.51,43639000,98.0787,-1.7589
2025-10-06,AMZN,220.9,43690900,98.6998,-0.0453
2025-10-07,AMZN,221.78,31194700,99.093,0.4075
2025-10-08,AMZN,225.22,46686000,100.63,1.0318
2025-10-09,AMZN,227.74,46412100,101.756,1.2178
2025-10-10,AMZN,216.37,72367500,96.6758,-4.3499
2025-10-13,AMZN,220.07,37809700,98.3289,1.0887
2025-10-14,AMZN,216.39,45665600,96.6847,0.385
2025-10-15,AMZN,215.57,45909500,96.3183,-0.4847
2025-10-16,AMZN,214.47,42414600,95.8268,-0.5564
2025-10-17,AMZN,213.04,45986900,95.1879,-0.7084
2025-10-20,AMZN,216.48,38882800,96.7249,1.2156
2025-10-21,AMZN,222.03,50494600,99.2047,1.6481
2025-10-22,AMZN,217.95,44308500,97.3817,-0.6156
2025-10-23,AMZN,221.09,31540000,98.7847,0.9543
2025-10-24,AMZN,224.21,38685100,100.1787,1.0091
2025-10-27,AMZN,226.97,38267000,101.4119,-0.3031
2025-10-28,AMZN,229.25,47100000,102.4306,0.4513
2025-10-29,AMZN,230.3,52036200,102.8998,-0.5914
2025-10-30,AMZN,222.86,102252900,99.5755,-1.8497
2025-10-31,AMZN,244.22,166340800,109.1193,-2.3511
2025-11-03,AMZN,254.0,95997800,113.4891,-0.5326
2025-11-04,AMZN,249.32,51546300,111.3981,-0.4234
2025-11-05,AMZN,250.2,40610700,111.7913,0.4698
2025-11-06,AMZN,243.04,46004200,108.5921,-2.4563
2025-11-07,AMZN,244.41,46374300,109.2042,0.6217
2025-11-10,AMZN,248.4,36476500,110.987,0.0242
2025-11-11,AMZN,249.1,23564100,111.2998,0.2778
2025-11-12,AMZN,244.2,31190100,109.1104,-2.4137
2025-11-13,AMZN,237.58,41401700,106.1525,-2.2506
2025-11-14,AMZN,234.69,38956700,104.8613,-0.1574
2025-11-17,AMZN,232.87,59919000,104.0481,-0.1629
2025-11-18,AMZN,222.55,60608400,99.437,-2.4331
2025-11-19,AMZN,222.69,58335600,99.4996,-0.4693
2025-11-20,AMZN,217.14,50309000,97.0198,-4.3647
2025-11-21,AMZN,220.69,68490500,98.606,2.006
2025-11-24,AMZN,226.28,54318400,101.1036,1.6715
2025-11-25,AMZN,229.67,39379300,102.6183,1.4533
2025-11-26,AMZN,229.16,38497900,102.3904,-0.6848
2025-11-28,AMZN,233.22,20292300,104.2045,0.8563
2025-12-01,AMZN,233.88,42904000,104.4994,0.283
2025-12-02,AMZN,234.42,45785400,104.7406,-0.2511
2025-12-03,AMZN,232.38,35495100,103.8291,-0.4157
2025-12-04,AMZN,229.11,45683200,102.3681,-1.5724
2025-12-05,AMZN,229.53,33117400,102.5557,-0.343
2025-12-08,AMZN,226.89,35019200,101.3762,-1.176
2025-12-09,AMZN,227.92,25841700,101.8364,0.4761
2025-12-10,AMZN,231.78,38790700,103.5611,1.298
2025-12-11,AMZN,230.28,28249600,102.8908,-0.1864
2025-12-12,AMZN,226.19,35639100,101.0634,-1.6009
2025-12-15,AMZN,222.54,47286100,99.4326,-2.3648
2025-12-16,AMZN,222.56,39298900,99.4415,-0.2152
2025-12-17,AMZN,221.27,44034400,98.8651,-1.5089
2025-12-18,AMZN,226.76,50272400,101.3181,0.4652
2025-12-19,AMZN,227.35,85544400,101.5817,0.2602
2025-12-22,AMZN,228.43,32261300,102.0642,-0.0787
2025-12-23,AMZN,232.14,29230200,103.7219,1.3446
2025-12-24,AMZN,232.38,11420500,103.8291,0.1077
2025-12-26,AMZN,232.52,15994700,103.8917,0.2069
2025-12-29,AMZN,232.07,19797900,103.6906,0.0561
2025-12-30,AMZN,232.53,21910500,103.8962,0.5709
2025-12-31,AMZN,230.82,24383700,103.1321,-0.8973
2026-01-02,AMZN,226.5,51456200,101.2019,-2.0922
2026-01-05,AMZN,233.06,49733300,104.133,1.8441
2026-01-06,AMZN,240.93,53764700,107.6493,3.8044
2026-01-07,AMZN,241.56,42236500,107.9308,0.8138
2026-01-08,AMZN,246.29,39509800,110.0442,1.3289
2026-01-09,AMZN,247.38,34560000,110.5313,1.149
2026-01-12,AMZN,246.47,35867800,110.1247,-0.1054
2026-01-13,AMZN,242.6,38371800,108.3955,-1.5941
2026-01-14,AMZN,236.65,41410600,105.737,-1.8661
2026-01-15,AMZN,238.18,43003600,106.4206,-0.4722
2026-01-16,AMZN,239.12,45888300,106.8406,0.0125
2026-01-20,AMZN,231.0,47737900,103.2125,-1.1807
2026-01-21,AMZN,231.31,47276100,103.3511,0.0952
2026-01-22,AMZN,234.34,31913300,104.7049,0.1239
2026-01-23,AMZN,239.16,33778500,106.8585,1.7875
2026-01-26,AMZN,238.42,32825500,106.5279,-0.6501
2026-01-27,AMZN,244.68,38029200,109.3249,2.0819
2026-01-28,AMZN,243.01,40882700,108.5787,-1.3638
2026-01-29,AMZN,241.73,47229600,108.0068,-0.4489
2026-01-30,AMZN,239.3,46585000,106.9211,-0.2459
2026-02-02,AMZN,242.96,37546100,108.5564,1.9512
2026-02-03,AMZN,238.62,53831300,106.6172,-2.5961
2026-02-04,AMZN,232.99,51299900,104.1017,-2.4575
2026-02-05,AMZN,222.69,103509200,99.4996,-0.9871
2026-02-06,AMZN,210.32,179210900,93.9726,3.7593
2026-02-09,AMZN,208.72,91178400,93.2577,-0.1196
2026-02-10,AMZN,206.96,67175000,92.4713,-0.8812
2026-02-11,AMZN,204.08,65545500,91.1845,-1.9129
2026-02-12,AMZN,199.6,83975400,89.1828,-2.1377
2026-02-13,AMZN,198.79,66321600,88.8209,-0.0453
2026-02-17,AMZN,201.15,69879200,89.8753,1.5242
2026-02-18,AMZN,204.79,51003300,91.5017,1.3461
2026-02-19,AMZN,204.86,35669600,91.533,0.5201
2026-02-20,AMZN,210.02,49852769,93.8408,2.5713
2025-08-20,TSLA,323.9,77481800,100.0,-1.6159
2025-08-21,TSLA,320.11,55744400,98.8299,-0.6116
2025-08-22,TSLA,340.01,94016300,104.9738,5.7048
2025-08-25,TSLA,346.6,86670000,107.0083,2.2721
2025-08-26,TSLA,351.67,76651600,108.5736,1.954
2025-08-27,TSLA,349.6,65519000,107.9346,-0.6649
2025-08-28,TSLA,345.98,67903200,106.8169,-1.4049
2025-08-29,TSLA,333.87,81145700,103.0781,-3.8476
2025-09-02,TSLA,329.36,58392000,101.6857,0.3443
2025-09-03,TSLA,334.09,88733300,103.146,-0.3312
2025-09-04,TSLA,338.53,60711000,104.5168,0.708
2025-09-05,TSLA,350.84,108989800,108.3174,0.8161
2025-09-08,TSLA,346.4,75208300,106.9466,-2.3235
2025-09-09,TSLA,346.97,53816000,107.1226,-0.4219
2025-09-10,TSLA,347.79,72121700,107.3757,-0.7873
2025-09-11,TSLA,368.81,103756000,113.8654,5.3231
2025-09-12,TSLA,395.94,168156400,122.2414,6.7396
2025-09-15,TSLA,410.04,163823700,126.5946,-3.0936
2025-09-16,TSLA,421.62,104285700,130.1698,1.7177
2025-09-17,TSLA,425.86,106133500,131.4788,2.4317
2025-09-18,TSLA,416.85,90454500,128.6971,-2.8027
2025-09-19,TSLA,426.07,93131000,131.5437,1.0075
2025-09-22,TSLA,434.21,97108800,134.0568,0.7191
2025-09-23,TSLA,425.85,83422700,131.4758,-3.1895
2025-09-24,TSLA,442.79,93133600,136.7058,3.0152
2025-09-25,TSLA,423.39,96746400,130.7163,-2.7226
2025-09-26,TSLA,440.4,101628200,135.9679,2.8251
2025-09-29,TSLA,443.21,79491500,136.8354,-0.2566
2025-09-30,TSLA,444.72,74358000,137.3016,0.7248
2025-10-01,TSLA,459.46,98122300,141.8524,3.5286
2025-10-02,TSLA,436.0,137009000,134.6094,-7.3405
2025-10-03,TSLA,429.83,133188200,132.7045,-3.0364
2025-10-06,TSLA,453.25,85324900,139.9352,2.8361
2025-10-07,TSLA,433.09,102296100,133.711,-3.2893
2025-10-08,TSLA,438.69,71192100,135.44,0.256
2025-10-09,TSLA,435.54,69339900,134.4674,0.8638
2025-10-10,TSLA,413.49,112107900,127.6598,-5.2802
2025-10-13,TSLA,435.9,79552800,134.5786,2.9207
2025-10-14,TSLA,429.24,72669400,132.5224,0.574
2025-10-15,TSLA,435.15,71558200,134.347,0.0575
2025-10-16,TSLA,428.75,77189900,132.3711,-1.3756
2025-10-17,TSLA,439.31,89331600,135.6314,3.2456
2025-10-20,TSLA,447.43,63719000,138.1383,0.802
2025-10-21,TSLA,442.6,54412200,136.6471,-0.7089
2025-10-22,TSLA,438.97,84023500,135.5264,-1.0103
2025-10-23,TSLA,448.98,126709800,138.6169,6.9
2025-10-24,TSLA,433.72,94727800,133.9055,-2.934
2025-10-27,TSLA,452.42,105867500,139.6789,2.8274
2025-10-28,TSLA,460.55,80185700,142.1889,1.2687
2025-10-29,TSLA,461.51,67983500,142.4853,-0.2141
2025-10-30,TSLA,440.1,72447900,135.8753,-2.4277
2025-10-31,TSLA,456.56,83135800,140.9571,2.1959
2025-11-03,TSLA,468.37,84595200,144.6033,2.715
2025-11-04,TSLA,444.26,87756600,137.1596,-2.2444
2025-11-05,TSLA,462.07,85573000,142.6582,2.2166
2025-11-06,TSLA,445.91,109622900,137.669,-3.4743
2025-11-07,TSLA,429.52,103471500,132.6088,-1.9182
2025-11-10,TSLA,445.23,76515900,137.4591,1.2807
2025-11-11,TSLA,439.62,60533200,135.7271,0.0501
2025-11-12,TSLA,430.6,58513500,132.9423,-2.6122
2025-11-13,TSLA,401.99,118948000,124.1093,-4.9961
2025-11-14,TSLA,404.35,105506700,124.8379,4.6725
2025-11-17,TSLA,408.92,102214300,126.2488,2.553
2025-11-18,TSLA,401.25,80688600,123.8808,-1.0188
2025-11-19,TSLA,403.99,72047700,124.7268,-0.5392
2025-11-20,TSLA,395.23,113548800,122.0222,-4.6789
2025-11-21,TSLA,391.09,100460600,120.7441,-2.7913
2025-11-24,TSLA,417.78,96806400,128.9843,3.8814
2025-11-25,TSLA,419.4,71915600,129.4844,1.2017
2025-11-26,TSLA,426.58,63463000,131.7011,0.6204
2025-11-28,TSLA,430.17,36252900,132.8095,0.8392
2025-12-01,TSLA,430.14,57463600,132.8003,1.1333
2025-12-02,TSLA,429.24,69336600,132.5224,-0.3644
2025-12-03,TSLA,446.74,87483000,137.9253,3.3881
2025-12-04,TSLA,454.53,71906500,140.3304,1.0201
2025-12-05,TSLA,455.0,56427500,140.4755,0.4349
2025-12-08,TSLA,439.58,69165800,135.7147,-1.7589
2025-12-09,TSLA,445.17,62367400,137.4406,1.7438
2025-12-10,TSLA,451.45,63257500,139.3794,1.2061
2025-12-11,TSLA,446.89,55979500,137.9716,-0.4588
2025-12-12,TSLA,458.96,95656700,141.6981,2.4259
2025-12-15,TSLA,475.31,114542200,146.7459,1.2504
2025-12-16,TSLA,489.88,107608100,151.2442,3.742
2025-12-17,TSLA,467.26,106490400,144.2606,-4.2931
2025-12-18,TSLA,483.37,95168400,149.2343,1.0896
2025-12-19,TSLA,481.2,103305400,148.5644,-1.4177
2025-12-22,TSLA,488.73,86916100,150.8892,-0.2348
2025-12-23,TSLA,485.56,58223600,149.9105,-0.7846
2025-12-24,TSLA,485.4,41285400,149.8611,-0.6305
2025-12-26,TSLA,475.19,58780700,146.7089,-2.0691
2025-12-29,TSLA,459.64,66263000,141.908,-1.9957
2025-12-30,TSLA,454.43,59238500,140.2995,-1.4444
2025-12-31,TSLA,449.72,49078000,138.8453,-1.3988
2026-01-02,TSLA,438.07,85535400,135.2485,-4.3097
2026-01-05,TSLA,451.67,67940800,139.4474,0.8215
2026-01-06,TSLA,432.96,89093800,133.6709,-3.0064
2026-01-07,TSLA,431.41,59828800,133.1923,-1.0301
2026-01-08,TSLA,435.8,57041100,134.5477,1.8486
2026-01-09,TSLA,445.01,67331500,137.3912,2.0782
2026-01-12,TSLA,448.96,61649600,138.6107,1.7519
2026-01-13,TSLA,447.2,53719200,138.0673,-0.6664
2026-01-14,TSLA,439.2,57259500,135.5974,-0.8152
2026-01-15,TSLA,438.57,49465800,135.4029,-0.5803
2026-01-16,TSLA,437.5,60220600,135.0726,-0.4551
2026-01-20,TSLA,419.25,63187300,129.4381,-2.3547
2026-01-21,TSLA,431.44,68124000,133.2016,2.3194
2026-01-22,TSLA,449.36,71546700,138.7342,3.2632
2026-01-23,TSLA,449.06,56771400,138.6416,0.3643
2026-01-26,TSLA,435.2,49397400,134.3625,-2.2022
2026-01-27,TSLA,430.9,37733100,133.0349,-1.4883
2026-01-28,TSLA,431.46,54857400,133.2078,-0.1042
2026-01-29,TSLA,416.56,81686100,128.6076,-4.8515
2026-01-30,TSLA,430.41,82626100,132.8836,1.1896
2026-02-02,TSLA,421.81,58739500,130.2285,0.1234
2026-02-03,TSLA,421.96,56886500,130.2748,-0.5445
2026-02-04,TSLA,406.01,74606900,125.3504,-3.4367
2026-02-05,TSLA,397.21,72819800,122.6335,0.0479
2026-02-06,TSLA,411.11,62677100,126.925,2.5544
2026-02-09,TSLA,417.32,54484300,128.8422,1.8077
2026-02-10,TSLA,425.21,64450200,131.2782,1.7054
2026-02-11,TSLA,428.27,57362000,132.2229,0.0724
2026-02-12,TSLA,417.07,61933400,128.7651,-3.0746
2026-02-13,TSLA,417.44,51434100,128.8793,0.7555
2026-02-17,TSLA,410.63,59678800,126.7768,-0.4195
2026-02-18,TSLA,411.32,45921400,126.9898,0.0511
2026-02-19,TSLA,411.71,51019600,127.1102,1.0951
2026-02-20,TSLA,410.46,44433055,126.7258,0.5339
2025-08-20,WMT,102.36,18655000,100.0,1.4039
2025-08-21,WMT,97.76,51825100,95.5055,-1.4586
2025-08-22,WMT,96.63,32695200,94.4038,-1.2644
2025-08-25,WMT,95.87,18956100,93.6629,-0.9588
2025-08-26,WMT,95.85,22270400,93.6434,-0.2389
2025-08-27,WMT,95.88,12925700,93.6726,0.1877
2025-08-28,WMT,95.91,19241600,93.7019,0.1146
2025-08-29,WMT,96.78,15600300,94.5501,0.9157
2025-09-02,WMT,97.65,15351300,95.3983,0.6377
2025-09-03,WMT,99.24,18995900,96.9484,1.6249
2025-09-04,WMT,100.72,15640900,98.4011,1.0209
2025-09-05,WMT,100.31,13748500,97.9916,-0.5639
2025-09-08,WMT,102.07,13685700,99.7173,1.4179
2025-09-09,WMT,102.08,11819700,99.727,0.2843
2025-09-10,WMT,100.21,17934900,97.8941,-1.5105
2025-09-11,WMT,102.44,15900800,100.078,1.6437
2025-09-12,WMT,103.28,11641900,100.8969,0.9265
2025-09-15,WMT,103.48,10756900,101.0919,0.0386
2025-09-16,WMT,103.21,14481900,100.8287,-0.4141
2025-09-17,WMT,104.06,25382000,101.6574,0.5206
2025-09-18,WMT,103.39,14869400,101.0042,-0.1734
2025-09-19,WMT,102.12,34791600,99.766,-1.4257
2025-09-22,WMT,102.61,12861900,100.2437,0.3612
2025-09-23,WMT,102.31,13158700,99.9512,0.1074
2025-09-24,WMT,102.52,11391800,100.156,-0.3009
2025-09-25,WMT,102.84,13366700,100.468,-0.1647
2025-09-26,WMT,102.95,11859300,100.5752,0.2722
2025-09-29,WMT,102.87,15477200,100.4972,0.0291
2025-09-30,WMT,102.85,13873400,100.4777,0.0583
2025-10-01,WMT,101.75,16142800,99.4053,-0.585
2025-10-02,WMT,101.49,15605400,99.1518,0.2464
2025-10-03,WMT,101.86,11867500,99.5125,0.6012
2025-10-06,WMT,102.49,13303600,100.1267,0.8049
2025-10-07,WMT,103.03,15538900,100.6532,0.84
2025-10-08,WMT,102.69,13584100,100.3217,-0.1165
2025-10-09,WMT,101.56,19508000,99.22,-1.3187
2025-10-10,WMT,101.63,18519400,99.2883,-0.2058
2025-10-13,WMT,101.91,10871200,99.5613,0.7399
2025-10-14,WMT,106.99,30859500,104.5237,3.037
2025-10-15,WMT,108.81,21416300,106.2981,1.5934
2025-10-16,WMT,106.25,16366200,103.8023,-2.5
2025-10-17,WMT,107.51,13735600,105.0307,0.5225
2025-10-20,WMT,106.83,10581200,104.3677,-0.7418
2025-10-21,WMT,106.0,10899700,103.5585,-1.0342
2025-10-22,WMT,106.92,12296500,104.4555,0.5537
2025-10-23,WMT,106.64,11408200,104.1825,-0.4564
2025-10-24,WMT,105.95,10318000,103.5098,-0.8406
2025-10-27,WMT,104.26,16375900,101.8524,-1.7585
2025-10-28,WMT,102.96,13323000,100.585,-0.8553
2025-10-29,WMT,102.25,11986400,99.8928,-0.4373
2025-10-30,WMT,102.02,14065100,99.6685,0.0294
2025-10-31,WMT,100.97,20237000,98.6448,-0.5113
2025-11-03,WMT,101.38,14811700,99.0445,0.7637
2025-11-04,WMT,102.06,12636400,99.7075,0.1371
2025-11-05,WMT,101.26,13356800,98.9276,-0.2654
2025-11-06,WMT,101.47,14866000,99.1323,0.3355
2025-11-07,WMT,102.38,17248700,100.0195,0.4504
2025-11-10,WMT,102.21,14507600,99.8538,0.2643
2025-11-11,WMT,103.23,13182100,100.8482,0.9171
2025-11-12,WMT,103.23,12084400,100.8482,0.0871
2025-11-13,WMT,102.33,18088500,99.9708,-1.0136
2025-11-14,WMT,102.27,23424200,99.9123,2.2755
2025-11-17,WMT,102.74,15289400,100.3705,0.3607
2025-11-18,WMT,101.18,17604500,98.8496,-1.544
2025-11-19,WMT,100.41,22157000,98.0891,-0.9549
2025-11-20,WMT,106.89,50375900,104.4262,3.0498
2025-11-21,WMT,105.11,41420800,102.6811,-2.4634
2025-11-24,WMT,103.85,42519200,101.4527,-1.2339
2025-11-25,WMT,106.78,20212900,104.319,2.2847
2025-11-26,WMT,108.88,17783300,106.3664,1.7724
2025-11-28,WMT,110.29,9846500,107.7411,1.107
2025-12-01,WMT,111.3,17236800,108.7355,0.923
2025-12-02,WMT,112.18,18711800,109.5935,0.8433
2025-12-03,WMT,114.18,24478300,111.5433,1.6978
2025-12-04,WMT,114.61,25905100,111.9626,1.0737
2025-12-05,WMT,114.88,23956400,112.2258,0.3312
2025-12-08,WMT,113.33,22700700,110.7146,-0.8816
2025-12-09,WMT,114.83,24326700,112.177,0.9741
2025-12-10,WMT,112.95,22859600,110.3442,-1.8812
2025-12-11,WMT,115.28,21586600,112.6255,2.1036
2025-12-12,WMT,116.7,19092400,114.0079,1.2493
2025-12-15,WMT,116.79,18713700,114.0958,-0.1197
2025-12-16,WMT,115.42,19642300,112.7574,-0.995
2025-12-17,WMT,115.66,16177800,112.9919,0.3993
2025-12-18,WMT,114.83,21476700,112.181,-0.1565
2025-12-19,WMT,114.36,50043800,111.7219,-0.6774
2025-12-22,WMT,112.6,21473900,110.0025,-1.2367
2025-12-23,WMT,110.9,20319900,108.3417,-0.9733
2025-12-24,WMT,111.61,9009600,109.0353,0.6402
2025-12-26,WMT,111.74,9003800,109.1623,0.0179
2025-12-29,WMT,112.53,12979600,109.9341,0.8424
2025-12-30,WMT,111.92,11730600,109.3381,0.0268
2025-12-31,WMT,111.41,11487400,108.8399,-0.2864
2026-01-02,WMT,112.76,14306600,110.1588,1.1936
2026-01-05,WMT,112.71,19557600,110.1099,-0.0975
2026-01-06,WMT,114.34,20120800,111.7023,1.726
2026-01-07,WMT,112.72,23306000,110.1197,-1.2873
2026-01-08,WMT,113.07,24058300,110.4616,1.5994
2026-01-09,WMT,114.53,21902900,111.8879,2.0221
2026-01-12,WMT,117.97,49182100,115.2486,0.4
2026-01-13,WMT,120.36,31222100,117.5835,2.0952
2026-01-14,WMT,120.04,32764000,117.2708,-0.1248
2026-01-15,WMT,119.2,34559400,116.4502,-0.6501
2026-01-16,WMT,119.7,415144600,116.9387,0.868
2026-01-20,WMT,118.71,45334000,115.9715,-1.8033
2026-01-21,WMT,119.36,34811700,116.6065,1.084
2026-01-22,WMT,117.83,24547300,115.1118,-1.2239
2026-01-23,WMT,117.73,20806900,115.0141,-0.3723
2026-01-26,WMT,117.64,19552200,114.9262,-0.1443
2026-01-27,WMT,116.94,22968600,114.2423,-0.4766
2026-01-28,WMT,116.57,16342000,113.8809,-0.06
2026-01-29,WMT,117.41,16381100,114.7015,0.8244
2026-01-30,WMT,119.14,22215400,116.3916,1.9074
2026-02-02,WMT,124.06,31210100,121.1981,3.8159
2026-02-03,WMT,127.71,32018700,124.7639,3.2835
2026-02-04,WMT,128.0,27531800,125.0472,-0.1015
2026-02-05,WMT,126.94,30517800,124.0117,-1.2755
2026-02-06,WMT,131.18,26593400,128.1538,3.056
2026-02-09,WMT,129.02,27197300,126.0437,-1.8262
2026-02-10,WMT,126.7,24662000,123.7772,-1.7372
2026-02-11,WMT,128.77,19232100,125.7994,1.6338
2026-02-12,WMT,133.64,33382700,130.5571,3.2926
2026-02-13,WMT,133.89,24131200,130.8013,0.8968
2026-02-17,WMT,128.85,37995900,125.8776,-3.2004
2026-02-18,WMT,126.62,36485000,123.699,-1.1785
2026-02-19,WMT,124.87,42993300,121.9894,-2.8249
2026-02-20,WMT,122.85,26228938,120.016,-0.122
2025-08-20,XOM,106.88,18959700,100.0,0.6025
2025-08-21,XOM,107.57,12194900,100.645,0.7471
2025-08-22,XOM,109.58,13586700,102.5339,1.5328
2025-08-25,XOM,110.04,9744900,102.9577,0.7574
2025-08-26,XOM,109.79,18143900,102.7273,0.1077
2025-08-27,XOM,111.03,15262600,103.8883,1.1937
2025-08-28,XOM,111.62,14189800,104.4412,0.4253
2025-08-29,XOM,112.55,14597900,105.3073,0.5012
2025-09-02,XOM,112.94,15206700,105.6758,0.4467
2025-09-03,XOM,110.21,14920100,103.1143,-1.8075
2025-09-04,XOM,110.69,12864400,103.5658,0.2587
2025-09-05,XOM,107.57,16826700,100.645,-2.1237
2025-09-08,XOM,108.18,15440500,101.2162,0.1094
2025-09-09,XOM,108.96,14899500,101.9534,0.1086
2025-09-10,XOM,110.79,15837600,103.658,1.2055
2025-09-11,XOM,110.43,11534500,103.3263,0.6643
2025-09-12,XOM,110.45,11105700,103.3447,-0.6202
2025-09-15,XOM,110.64,12880500,103.5198,0.1515
2025-09-16,XOM,112.93,17208000,105.6666,1.5227
2025-09-17,XOM,113.53,13302000,106.2287,0.6636
2025-09-18,XOM,112.19,14628700,104.9756,-1.0767
2025-09-19,XOM,111.1,38746500,103.9528,-0.9482
2025-09-22,XOM,110.31,15611500,103.2157,-0.3824
2025-09-23,XOM,112.21,25369100,104.994,1.0912
2025-09-24,XOM,112.81,14756100,105.5561,-0.0087
2025-09-25,XOM,113.83,15012600,106.5051,0.8287
2025-09-26,XOM,115.43,18568900,108.007,1.0866
2025-09-29,XOM,112.48,19189300,105.2428,-1.5854
2025-09-30,XOM,111.03,18076200,103.8883,-0.5293
2025-10-01,XOM,110.28,16614000,103.1881,-0.5064
2025-10-02,XOM,109.59,13062600,102.5431,-0.6073
2025-10-03,XOM,111.53,12950100,104.3582,1.2154
2025-10-06,XOM,112.46,12036800,105.2244,0.8032
2025-10-07,XOM,112.52,11945000,105.2796,0.1666
2025-10-08,XOM,112.28,12301000,105.0585,-0.3147
2025-10-09,XOM,111.19,10976200,104.0358,-1.3283
2025-10-10,XOM,109.04,13811600,102.0271,-1.3629
2025-10-13,XOM,110.53,10296500,103.4184,0.6276
2025-10-14,XOM,110.58,11167200,103.4645,1.3814
2025-10-15,XOM,109.91,12182900,102.8379,-1.055
2025-10-16,XOM,108.95,11782200,101.9442,-1.1083
2025-10-17,XOM,110.53,13460100,103.4184,0.5464
2025-10-20,XOM,110.98,9523600,103.8422,0.625
2025-10-21,XOM,110.99,9202300,103.8515,-0.1594
2025-10-22,XOM,112.96,12938800,105.6943,1.1106
2025-10-23,XOM,114.21,15001100,106.8645,-0.5573
2025-10-24,XOM,113.63,9919400,106.3208,-0.8251
2025-10-27,XOM,114.17,10975400,106.8276,0.2074
2025-10-28,XOM,113.28,9535200,105.9891,-0.3983
2025-10-29,XOM,114.68,12570600,107.2975,1.3314
2025-10-30,XOM,112.94,16172900,105.6758,-1.4945
2025-10-31,XOM,112.62,20213400,105.3718,0.3334
2025-11-03,XOM,112.03,12290300,104.8189,-0.6463
2025-11-04,XOM,112.4,16860700,105.1691,0.6703
2025-11-05,XOM,111.95,12400900,104.7452,-0.3594
2025-11-06,XOM,112.76,14219700,105.5008,0.7568
2025-11-07,XOM,115.43,17181100,108.007,1.7446
2025-11-10,XOM,116.42,13048000,108.9284,0.6642
2025-11-11,XOM,117.96,16077100,110.3658,0.7995
2025-11-12,XOM,116.32,13790900,108.8363,-0.8228
2025-11-13,XOM,116.98,17291900,109.4536,0.1349
2025-11-14,XOM,118.5,17064300,110.8757,0.7092
2025-11-17,XOM,116.9,16034900,109.3792,-1.0843
2025-11-18,XOM,118.24,15808500,110.634,1.5095
2025-11-19,XOM,116.57,15919200,109.0725,0.4279
2025-11-20,XOM,116.25,14401000,108.7658,-0.8137
2025-11-21,XOM,116.3,15667600,108.8216,0.0769
2025-11-24,XOM,115.2,18034900,107.7899,-1.0495
2025-11-25,XOM,113.75,14434600,106.4328,-0.5817
2025-11-26,XOM,114.01,11650600,106.6745,0.3147
2025-11-28,XOM,115.15,7240800,107.7434,0.8438
2025-12-01,XOM,115.86,12658100,108.4033,0.4565
2025-12-02,XOM,114.62,14607700,107.2415,-0.9103
2025-12-03,XOM,117.02,16819100,109.4908,1.5955
2025-12-04,XOM,116.36,13686900,108.8773,-0.3064
2025-12-05,XOM,115.77,12516900,108.3197,-0.1799
2025-12-08,XOM,115.21,14904200,107.7992,0.1295
2025-12-09,XOM,117.47,23790800,109.909,1.1548
2025-12-10,XOM,118.75,19845200,111.108,0.6822
2025-12-11,XOM,118.75,14781800,111.108,0.361
2025-12-12,XOM,118.03,14459500,110.4388,-0.5191
2025-12-15,XOM,116.98,16358700,109.4536,-1.0503
2025-12-16,XOM,113.92,17638700,106.5909,-1.7898
2025-12-17,XOM,116.63,18502200,109.1283,1.9096
2025-12-18,XOM,115.77,13705600,108.3197,-0.3846
2025-12-19,XOM,115.92,45412800,108.4591,-0.0514
2025-12-22,XOM,117.37,11768600,109.8161,0.6903
2025-12-23,XOM,118.63,12567600,110.9965,0.8019
2025-12-24,XOM,118.43,6137400,110.8106,-0.0922
2025-12-26,XOM,118.32,8066100,110.7084,0.185
2025-12-29,XOM,119.73,14782500,112.0282,0.3163
2025-12-30,XOM,120.19,11150500,112.4558,-0.0908
2025-12-31,XOM,119.54,10559900,111.8516,-0.6932
2026-01-02,XOM,121.84,14175100,113.9987,2.1317
2026-01-05,XOM,124.53,30112200,116.5175,0.1198
2026-01-06,XOM,120.25,23328600,112.5115,-3.4304
2026-01-07,XOM,117.71,20353000,110.1321,-1.0935
2026-01-08,XOM,122.1,20232700,114.2403,3.3031
2026-01-09,XOM,123.78,16137700,115.8204,1.1199
2026-01-12,XOM,123.21,15314900,115.2813,-0.3455
2026-01-13,XOM,125.7,21619700,117.6143,1.232
2026-01-14,XOM,129.34,27593900,121.0161,2.2379
2026-01-15,XOM,128.28,17400000,120.0216,0.0
2026-01-16,XOM,129.03,16592400,120.728,0.7602
2026-01-20,XOM,129.6,16477300,121.2578,-0.7984
2026-01-21,XOM,132.73,18879900,124.1856,1.2888
2026-01-22,XOM,132.76,16600100,124.2135,0.4434
2026-01-23,XOM,134.08,17758200,125.4497,-0.0888
2026-01-26,XOM,133.95,16056100,125.3288,-1.5263
2026-01-27,XOM,135.92,14517000,127.1785,1.1682
2026-01-28,XOM,136.67,15637300,127.8756,-0.0799
2026-01-29,XOM,139.58,35760600,130.5989,0.1354
2026-01-30,XOM,140.46,29657700,131.4261,1.9172
2026-02-02,XOM,137.48,27735600,128.6377,-1.0227
2026-02-03,XOM,142.78,37577800,133.5918,3.6714
2026-02-04,XOM,146.61,29426200,137.1795,2.4077
2026-02-05,XOM,145.11,18431700,135.776,-0.3411
2026-02-06,XOM,148.06,17216000,138.5365,1.6574
2026-02-09,XOM,150.21,21297300,140.5441,1.3065
2026-02-10,XOM,150.59,15800300,140.8973,0.1586
2026-02-11,XOM,154.53,23091500,144.5873,1.0327
2026-02-12,XOM,149.93,30652500,140.2833,-2.5733
2026-02-13,XOM,148.45,20166000,138.8985,-1.3949
2026-02-17,XOM,146.19,19766600,136.7839,-1.3563
2026-02-18,XOM,150.68,19849700,140.985,1.7077
2026-02-19,XOM,150.97,20305000,141.2564,-0.8081
2026-02-20,XOM,147.07,13622963,137.6073,-2.2726
2025-08-20,BA,225.62,5016000,100.0,0.5034
2025-08-21,BA,224.46,6101100,99.4859,-1.1755
2025-08-22,BA,230.12,8678400,101.9945,2.0895
2025-08-25,BA,226.87,4757600,100.554,-1.189
2025-08-26,BA,234.83,7380200,104.0821,2.9956
2025-08-27,BA,235.62,4757400,104.4322,0.1105
2025-08-28,BA,236.16,4039600,104.6716,0.1314
2025-08-29,BA,234.68,5008600,104.0156,-0.6141
2025-09-02,BA,237.38,6339100,105.2123,2.6375
2025-09-03,BA,232.38,5999000,102.9962,-1.9742
2025-09-04,BA,230.75,4093200,102.2737,-0.9699
2025-09-05,BA,229.61,8203600,101.7685,-0.9448
2025-09-08,BA,230.95,5955000,102.3624,-0.3237
2025-09-09,BA,229.52,5510400,101.7286,-0.645
2025-09-10,BA,227.52,4949500,100.8421,-0.9059
2025-09-11,BA,219.99,12010800,97.5047,-3.5132
2025-09-12,BA,215.94,11094900,95.7096,-1.7964
2025-09-15,BA,215.75,6896200,95.6254,-0.2312
2025-09-16,BA,215.02,6330600,95.3018,-0.8485
2025-09-17,BA,214.63,6019500,95.129,-0.4453
2025-09-18,BA,215.66,6414000,95.5855,0.1998
2025-09-19,BA,215.65,10513700,95.5811,-0.9553
2025-09-22,BA,212.09,7467700,94.0032,-1.4314
2025-09-23,BA,216.34,12760900,95.8869,-0.3592
2025-09-24,BA,215.1,7354800,95.3373,-1.1307
2025-09-25,BA,213.53,6649300,94.6414,-0.6236
2025-09-26,BA,221.26,17281700,98.0675,-0.9402
2025-09-29,BA,217.08,11290600,96.2149,-2.3789
2025-09-30,BA,215.83,9289300,95.6608,-0.585
2025-10-01,BA,215.2,7178000,95.3816,0.556
2025-10-02,BA,217.43,8281100,96.37,0.919
2025-10-03,BA,216.3,6634100,95.8692,-0.2076
2025-10-06,BA,219.73,7665300,97.3894,0.8537
2025-10-07,BA,221.82,7610600,98.3158,0.7769
2025-10-08,BA,225.32,6189700,99.867,1.1628
2025-10-09,BA,216.0,12974800,95.7362,-4.2977
2025-10-10,BA,210.73,10647900,93.4004,-2.8894
2025-10-13,BA,215.56,5657300,95.5412,1.6361
2025-10-14,BA,214.3,5975700,94.9827,0.3559
2025-10-15,BA,214.0,5055600,94.8497,-0.4836
2025-10-16,BA,211.89,5555200,93.9145,-1.2904
2025-10-17,BA,212.94,6482700,94.3799,0.9625
2025-10-20,BA,216.82,5865100,96.0996,0.7856
2025-10-21,BA,217.26,4209500,96.2947,0.023
2025-10-22,BA,216.59,6310300,95.9977,-0.0415
2025-10-23,BA,217.77,5356200,96.5207,0.6331
2025-10-24,BA,221.35,5238100,98.1074,1.0546
2025-10-27,BA,223.0,6084300,98.8388,0.0988
2025-10-28,BA,223.33,7027200,98.985,-0.4591
2025-10-29,BA,213.58,20940100,94.6636,-3.5146
2025-10-30,BA,200.08,19417000,88.6801,-4.7283
2025-10-31,BA,201.02,10696600,89.0967,-0.1143
2025-11-03,BA,204.55,8103900,90.6613,1.2423
2025-11-04,BA,198.05,8619600,87.7803,-1.8583
2025-11-05,BA,197.62,9885700,87.5898,-0.0657
2025-11-06,BA,196.5,7740500,87.0933,-0.8077
2025-11-07,BA,194.61,7869500,86.2557,-0.4552
2025-11-10,BA,194.81,7447400,86.3443,-0.5513
2025-11-11,BA,195.21,5783400,86.5216,0.2413
2025-11-12,BA,195.5,8288300,86.6501,-0.1277
2025-11-13,BA,194.58,6739300,86.2424,-0.5367
2025-11-14,BA,194.52,6189800,86.2158,0.8503
2025-11-17,BA,191.81,5877800,85.0146,-1.5551
2025-11-18,BA,189.63,8195800,84.0484,-0.1947
2025-11-19,BA,185.7,12550400,82.3065,-1.8551
2025-11-20,BA,179.38,13706400,79.5054,-4.453
2025-11-21,BA,179.7,10134000,79.6472,-0.4763
2025-11-24,BA,179.12,9386000,79.3901,-0.66
2025-11-25,BA,182.44,9676200,80.8616,1.6435
2025-11-26,BA,186.92,7644500,82.8473,1.587
2025-11-28,BA,189.0,3757000,83.7692,0.6015
2025-12-01,BA,186.46,6763700,82.6434,-1.323
2025-12-02,BA,205.38,22624000,91.0292,3.5703
2025-12-03,BA,202.54,14139900,89.7704,-1.0068
2025-12-04,BA,201.87,9513300,89.4735,-0.4831
2025-12-05,BA,201.89,6857200,89.4823,0.2433
2025-12-08,BA,206.27,8823900,91.4236,1.3064
2025-12-09,BA,200.37,9101900,88.8086,-2.4251
2025-12-10,BA,198.72,15159600,88.0773,-0.8235
2025-12-11,BA,200.71,7917800,88.9593,0.9963
2025-12-12,BA,204.38,7069700,90.5859,1.0781
2025-12-15,BA,205.5,6721600,91.0824,0.548
2025-12-16,BA,206.71,6120200,91.6187,0.8341
2025-12-17,BA,206.33,7301100,91.4502,-0.2176
2025-12-18,BA,208.27,5652100,92.3101,0.1346
2025-12-19,BA,214.08,14793700,94.8852,2.0595
2025-12-22,BA,216.84,5458900,96.1085,0.6966
2025-12-23,BA,216.85,4496300,96.1129,-0.023
2025-12-24,BA,218.16,2943500,96.6936,0.5346
2025-12-26,BA,216.44,2801500,95.9312,-0.7384
2025-12-29,BA,217.25,5292000,96.2902,0.6253
2025-12-30,BA,218.5,5653500,96.8443,-0.2921
2025-12-31,BA,217.12,5563000,96.2326,-0.8267
2026-01-02,BA,227.77,11261000,100.9529,4.4098
2026-01-05,BA,228.13,8278800,101.1125,-0.2885
2026-01-06,BA,229.84,6714300,101.8704,0.2661
2026-01-07,BA,228.12,9693100,101.1081,-1.7359
2026-01-08,BA,227.38,7126800,100.7801,-1.9026
2026-01-09,BA,234.53,8621600,103.9491,2.7109
2026-01-12,BA,239.81,7894000,106.2893,2.3561
2026-01-13,BA,244.55,11460500,108.3902,1.4225
2026-01-14,BA,242.61,7748600,107.5304,-0.7487
2026-01-15,BA,247.74,6517200,109.8041,1.3749
2026-01-16,BA,247.68,5944200,109.7775,-0.0283
2026-01-20,BA,249.0,11293200,110.3626,1.8822
2026-01-21,BA,250.07,8160700,110.8368,0.4741
2026-01-22,BA,251.41,9742600,111.4307,-0.2341
2026-01-23,BA,252.15,7078700,111.7587,-0.2334
2026-01-26,BA,248.43,8469200,110.1099,-1.2168
2026-01-27,BA,244.56,20509200,108.3946,0.8495
2026-01-28,BA,241.59,9999200,107.0783,-1.0242
2026-01-29,BA,234.04,9142500,103.7319,-3.3212
2026-01-30,BA,233.72,6916100,103.5901,0.0942
2026-02-02,BA,233.02,6105300,103.2799,0.1633
2026-02-03,BA,233.15,7655200,103.3375,-1.3831
2026-02-04,BA,235.95,7053400,104.5785,1.1619
2026-02-05,BA,236.95,7377300,105.0217,1.2131
2026-02-06,BA,243.03,6701200,107.7165,1.5163
2026-02-09,BA,244.71,4707200,108.4611,1.1198
2026-02-10,BA,242.59,5184400,107.5215,-0.9837
2026-02-11,BA,236.26,5791000,104.7159,-3.3622
2026-02-12,BA,239.35,6980800,106.0855,0.0376
2026-02-13,BA,242.96,6835400,107.6855,0.713
2026-02-17,BA,244.04,4864700,108.1642,0.1765
2026-02-18,BA,238.93,4923000,105.8993,-2.2981
2026-02-19,BA,233.71,5827500,103.5857,-2.1766
2026-02-20,BA,233.6,3467144,103.5369,0.417
2025-08-20,CAT,418.41,4060200,100.0,1.3959
2025-08-21,CAT,415.72,2504300,99.358,-0.4858
2025-08-22,CAT,433.41,3785100,103.5854,3.3348
2025-08-25,CAT,430.06,1857900,102.7842,-0.6207
2025-08-26,CAT,429.02,2792200,102.5369,-0.0324
2025-08-27,CAT,430.42,1970900,102.8722,0.6842
2025-08-28,CAT,432.65,1651700,103.4047,0.0
2025-08-29,CAT,416.86,3673800,99.6315,-1.4974
2025-09-02,CAT,413.89,2329500,98.9206,0.517
2025-09-03,CAT,412.96,1496700,98.6994,-0.7199
2025-09-04,CAT,418.04,1634600,99.912,1.0606
2025-09-05,CAT,420.88,1843200,100.592,0.5323
2025-09-08,CAT,420.58,1876700,100.5207,0.0308
2025-09-09,CAT,415.92,1710700,99.4056,-1.1981
2025-09-10,CAT,420.71,2221000,100.5516,0.736
2025-09-11,CAT,429.14,2737900,102.5654,1.7598
2025-09-12,CAT,429.28,2341800,102.5987,0.5733
2025-09-15,CAT,433.68,2255800,103.6496,0.4864
2025-09-16,CAT,438.38,2366300,104.7743,1.041
2025-09-17,CAT,448.32,4512200,107.1495,1.2719
2025-09-18,CAT,464.54,4331900,111.025,3.548
2025-09-19,CAT,464.12,5069300,110.9251,-0.7911
2025-09-22,CAT,469.65,3180000,112.2471,1.025
2025-09-23,CAT,468.81,3856600,112.0474,-0.4226
2025-09-24,CAT,467.35,2776700,111.6979,-0.6156
2025-09-25,CAT,461.31,2979200,110.2546,-0.213
2025-09-26,CAT,463.34,2329000,110.7397,0.0602
2025-09-29,CAT,469.16,2892100,112.1306,0.7541
2025-09-30,CAT,474.67,2315300,113.4478,1.1726
2025-10-01,CAT,478.32,2964700,114.3204,1.4367
2025-10-02,CAT,488.02,2648600,116.6385,0.762
2025-10-03,CAT,495.26,2996500,118.3694,0.9326
2025-10-06,CAT,492.81,2629200,117.7822,-1.0072
2025-10-07,CAT,484.18,2135400,115.7208,-2.2533
2025-10-08,CAT,499.51,3959400,119.3847,2.2668
2025-10-09,CAT,497.76,3113900,118.9662,-0.734
2025-10-10,CAT,488.75,3889100,116.8121,-2.3493
2025-10-13,CAT,502.14,2618400,120.0124,0.5198
2025-10-14,CAT,524.73,5459800,125.4119,5.3718
2025-10-15,CAT,531.28,3447100,126.9764,-0.0281
2025-10-16,CAT,538.15,3463100,128.6193,0.539
2025-10-17,CAT,524.34,2814700,125.3192,-1.9167
2025-10-20,CAT,529.94,2170800,126.6569,0.3059
2025-10-21,CAT,523.43,2259100,125.0998,-0.08
2025-10-22,CAT,512.71,4149000,122.5389,-2.2483
2025-10-23,CAT,519.29,2619400,124.1103,0.4186
2025-10-24,CAT,521.51,2392000,124.642,-0.0249
2025-10-27,CAT,525.84,2493800,125.6769,0.0038
2025-10-28,CAT,523.25,2775400,125.0569,-0.2833
2025-10-29,CAT,584.12,6948500,139.6068,4.8927
2025-10-30,CAT,581.79,2574800,139.0488,0.9102
2025-10-31,CAT,575.91,2974800,137.6444,-1.1592
2025-11-03,CAT,569.26,2439400,136.054,-0.9272
2025-11-04,CAT,546.3,3440700,130.5674,-3.0832
2025-11-05,CAT,567.82,2701300,135.7106,3.1181
2025-11-06,CAT,568.45,2245800,135.8608,-0.5966
2025-11-07,CAT,561.79,2320100,134.268,-0.0799
2025-11-10,CAT,569.52,1829900,136.1159,0.1491
2025-11-11,CAT,566.6,1517400,135.4197,-0.1389
2025-11-12,CAT,571.68,2645100,136.6334,0.4417
2025-11-13,CAT,552.26,3458700,131.9909,-3.3556
2025-11-14,CAT,552.74,2764500,132.1053,0.9236
2025-11-17,CAT,550.76,1941100,131.6332,-0.0977
2025-11-18,CAT,545.6,1918600,130.4004,0.6497
2025-11-19,CAT,551.82,1880900,131.886,0.5655
2025-11-20,CAT,544.86,3195000,130.2216,-3.5021
2025-11-21,CAT,549.15,2921600,131.2469,0.8446
2025-11-24,CAT,558.29,4653500,133.4335,1.3529
2025-11-25,CAT,565.29,3105100,135.1049,0.3578
2025-11-26,CAT,572.39,1995100,136.8027,1.2566
2025-11-28,CAT,574.42,1019500,137.2867,0.3433
2025-12-01,CAT,566.73,1764500,135.4507,-0.412
2025-12-02,CAT,581.11,2749500,138.8867,1.9498
2025-12-03,CAT,590.11,2545700,141.0374,1.7355
2025-12-04,CAT,597.75,2313600,142.8639,1.5199
2025-12-05,CAT,601.76,2177300,143.8225,-0.1374
2025-12-08,CAT,595.11,1822500,142.232,-1.3495
2025-12-09,CAT,592.97,1755300,141.7218,0.2209
2025-12-10,CAT,613.91,2797900,146.7267,2.5361
2025-12-11,CAT,624.15,2779500,149.1732,2.4834
2025-12-12,CAT,596.49,4581100,142.5635,-4.4904
2025-12-15,CAT,588.38,3968600,140.6249,-2.1194
2025-12-16,CAT,587.56,2319400,140.427,-0.2996
2025-12-17,CAT,560.58,3753300,133.9795,-4.3738
2025-12-18,CAT,564.51,2193000,134.919,-0.4697
2025-12-19,CAT,574.87,5355600,137.3964,0.6164
2025-12-22,CAT,581.05,2387700,138.8724,-0.3559
2025-12-23,CAT,581.06,1731000,138.8748,0.3307
2025-12-24,CAT,582.4,947000,139.1943,0.1888
2025-12-26,CAT,581.64,954400,139.0131,-0.036
2025-12-29,CAT,577.26,2585700,137.9663,-0.2551
2025-12-30,CAT,576.04,1216700,137.6754,-0.4517
2025-12-31,CAT,571.53,1163900,136.5976,-0.7674
2026-01-02,CAT,597.01,2761600,142.6875,3.6046
2026-01-05,CAT,614.66,3444800,146.9056,1.3522
2026-01-06,CAT,621.64,2706800,148.5723,1.151
2026-01-07,CAT,595.13,3312400,142.2368,-4.2504
2026-01-08,CAT,606.71,2075400,145.0052,1.9463
2026-01-09,CAT,616.18,1822000,147.268,1.2542
2026-01-12,CAT,628.3,1856800,150.1651,2.4599
2026-01-13,CAT,635.04,1959100,151.777,0.5259
2026-01-14,CAT,637.26,2105700,152.3063,0.7333
2026-01-15,CAT,645.67,2052800,154.3164,0.3473
2026-01-16,CAT,645.38,2554900,154.2473,-0.7792
2026-01-20,CAT,629.0,2659000,150.3324,-2.0249
2026-01-21,CAT,645.38,2490700,154.2473,1.848
2026-01-22,CAT,648.41,1565700,154.9714,-0.1078
2026-01-23,CAT,626.62,2267800,149.7636,-2.7169
2026-01-26,CAT,635.92,2532900,151.9863,1.2611
2026-01-27,CAT,638.91,1827500,152.7009,-0.1703
2026-01-28,CAT,643.28,2720700,153.7454,0.8323
2026-01-29,CAT,665.24,4441900,158.9938,1.537
2026-01-30,CAT,657.36,3300100,157.1105,0.2608
2026-02-02,CAT,690.91,4450000,165.129,4.7119
2026-02-03,CAT,702.89,3524700,167.9923,1.2285
2026-02-04,CAT,691.82,7146700,165.3465,-2.1471
2026-02-05,CAT,678.31,2792800,162.1176,-0.4739
2026-02-06,CAT,726.2,3359700,173.5634,4.8558
2026-02-09,CAT,742.12,2496800,177.3683,2.432
2026-02-10,CAT,742.37,4008700,177.4281,-0.0512
2026-02-11,CAT,775.0,3926300,185.2267,2.1511
2026-02-12,CAT,758.29,4893400,181.233,-2.369
2026-02-13,CAT,774.2,3232800,185.0355,1.2026
2026-02-17,CAT,764.76,3450300,182.7794,-0.0314
2026-02-18,CAT,751.97,2563700,179.7225,-1.7174
2026-02-19,CAT,760.53,2908000,181.7684,1.1343
2026-02-20,CAT,758.71,1423222,181.3334,0.4914
